START TRANSACTION; SET AUTOCOMMIT=0; SET FOREIGN_KEY_CHECKS = 0; DELETE FROM molecule; DELETE FROM class; DELETE FROM system; DELETE FROM property; DELETE FROM property_value; DELETE FROM molecule_property; SET FOREIGN_KEY_CHECKS = 1; INSERT INTO class VALUES (1, 'INHIBITEUR DE FUSION', NULL, 1);
INSERT INTO class VALUES (2, 'INHIBITEURS DE NEURAMINISASE', NULL, 1);
INSERT INTO class VALUES (3, 'ANALOGUES NUCLEOSIDIQUES', NULL, 1);
INSERT INTO class VALUES (4, 'INTI (INHIBITEURS NUCLEOSIDIQUES TRANSCRIPTASE INVERSE)', 3, 2);
INSERT INTO class VALUES (5, 'ANALOGUES NUCLEOTIDIQUES', NULL, 1);
INSERT INTO class VALUES (6, 'INTI (INHIBITEURS NUCLEOTIDIQUES TRANSCRIPTASE INVERSE)', 5, 2);
INSERT INTO class VALUES (7, 'INHIBITEUR DE TERMINASE', NULL, 1);
INSERT INTO class VALUES (8, 'INHIBITEUR POLYMERASE NS5B', NULL, 1);
INSERT INTO class VALUES (9, 'INHIBITEUR NS5A', NULL, 1);
INSERT INTO class VALUES (10, 'INHIBITEUR PROTEINE 3A/4', NULL, 1);
INSERT INTO class VALUES (11, 'INHIBITEUR DIRECT ADN polymérase virale et transcriptase inverse', NULL, 1);
INSERT INTO class VALUES (12, 'INHIBITEURS NON NUCLEOSIDIQUES DE LA TI', NULL, 1);
INSERT INTO class VALUES (13, 'INHIBITEUR ENTREE VHB ET HVD', NULL, 1);
INSERT INTO class VALUES (14, 'Inhibiteur récepteur NTCP', 13, 2);
INSERT INTO class VALUES (15, 'INHIBITEUR CYP 3A4', NULL, 1);
INSERT INTO class VALUES (16, 'INHIBITEUR CCR5', NULL, 1);
INSERT INTO class VALUES (17, 'INHIBITEUR DE PROTEASE', NULL, 1);
INSERT INTO class VALUES (18, 'INHIBITEUR DE L\'INTEGRASE', NULL, 1);
INSERT INTO class VALUES (19, 'PENICILLINES', NULL, 1);
INSERT INTO class VALUES (20, 'PENICILLINES A', 19, 2);
INSERT INTO class VALUES (21, 'PENICILLINE G', 19, 2);
INSERT INTO class VALUES (22, 'PENICILLINE M', 19, 2);
INSERT INTO class VALUES (23, 'PENICILLINE V', 19, 2);
INSERT INTO class VALUES (24, 'UREIDO-PENICILLINES', 19, 2);
INSERT INTO class VALUES (25, 'PENICILLINES A LARGE SPECTRE', 19, 2);
INSERT INTO class VALUES (26, 'CARBOXYPÉNICILLINES', 19, 2);
INSERT INTO class VALUES (27, 'INHIBITEURS DE ?-LACTAMASES', NULL, 1);
INSERT INTO class VALUES (28, 'MONOBACTAM', NULL, 1);
INSERT INTO class VALUES (29, 'CARBAPENEMES', NULL, 1);
INSERT INTO class VALUES (30, 'INHIBITEUR DE LA DESHYDROPEPTIDASE', NULL, 1);
INSERT INTO class VALUES (31, 'CEPHALOSPORINES', NULL, 1);
INSERT INTO class VALUES (32, 'CEPHALOSPORINE DE 1ERE GENERATION', 31, 2);
INSERT INTO class VALUES (33, 'CEPHALOSPORINE DE 2NDE GENERATION', 31, 2);
INSERT INTO class VALUES (34, 'CEPHALOSPORINE DE 3EME GENERATION', 31, 2);
INSERT INTO class VALUES (35, 'CEPHALOSPORINE DE 5EME GENERATION', 31, 2);
INSERT INTO class VALUES (36, 'TETRACYCLINES', NULL, 1);
INSERT INTO class VALUES (37, 'AMINOSIDE', NULL, 1);
INSERT INTO class VALUES (38, 'MACROLIDES', NULL, 1);
INSERT INTO class VALUES (39, 'GLYCOPEPTIDES', NULL, 1);
INSERT INTO class VALUES (40, 'POLYPEPTIDES', NULL, 1);
INSERT INTO class VALUES (41, 'SULFAMIDES', NULL, 1);
INSERT INTO class VALUES (42, 'FLUOROQUINOLONE', NULL, 1);
INSERT INTO class VALUES (43, 'LINCOSAMIDES', NULL, 1);
INSERT INTO class VALUES (44, 'OXAZOLIDINONES', NULL, 1);
INSERT INTO class VALUES (45, 'PHENICOLES', NULL, 1);
INSERT INTO class VALUES (46, 'Antituberculeux', NULL, 1);
INSERT INTO class VALUES (47, 'NITROFURANES', NULL, 1);
INSERT INTO class VALUES (48, 'CESTOCIDES', NULL, 1);
INSERT INTO class VALUES (49, 'BENZIMIDAZOLES', NULL, 1);
INSERT INTO class VALUES (50, '5-NITRO-IMIDAZOLES', NULL, 1);
INSERT INTO class VALUES (51, 'Inhibiteur calcique', NULL, 1);
INSERT INTO class VALUES (52, 'Inhibiteur calcique ‘à tropisme vasculaire’', 51, 2);
INSERT INTO class VALUES (53, 'Inhibiteur calcique ‘à tropisme cardiaque’', 51, 2);
INSERT INTO class VALUES (54, 'Classe IV de Vaughan Williams', 53, 3);
INSERT INTO class VALUES (55, 'antagonistes des récepteurs de l\'angiotensine II', NULL, 1);
INSERT INTO class VALUES (56, 'antagonistes à l’endothéline', NULL, 1);
INSERT INTO class VALUES (57, 'bêta-bloquants', NULL, 1);
INSERT INTO class VALUES (58, 'bêta-bloquants non cardio-sélectifs', 57, 2);
INSERT INTO class VALUES (59, 'bêta-bloquants non cardio-sélectifs à action ?-bloquante', 57, 2);
INSERT INTO class VALUES (60, 'bêta-bloquants cardio-sélectifs', 57, 2);
INSERT INTO class VALUES (61, 'antarythmique de classe II de Vaughan Williams', 60, 3);
INSERT INTO class VALUES (62, 'diurétiques', NULL, 1);
INSERT INTO class VALUES (63, 'diurétiques de l\'anse', 62, 2);
INSERT INTO class VALUES (64, 'diurétiques thiazidiques et apparentés', 62, 2);
INSERT INTO class VALUES (65, 'diurétiques d’épargne potassique', 62, 2);
INSERT INTO class VALUES (66, 'inhibiteurs de l\'enzyme de conversion', NULL, 1);
INSERT INTO class VALUES (67, 'antihypertenseurs ?-bloquants', NULL, 1);
INSERT INTO class VALUES (68, 'antihypertenseurs centraux', NULL, 1);
INSERT INTO class VALUES (69, 'antiarythmiques', NULL, 1);
INSERT INTO class VALUES (70, 'antarythmique de classe I de Vaughan Williams', 69, 2);
INSERT INTO class VALUES (71, 'antarythmique de classe III de Vaughan Williams', 69, 2);
INSERT INTO class VALUES (72, 'autres anti-arythmiques', 69, 2);
INSERT INTO class VALUES (73, 'dérivés nitrés et apparentés', NULL, 1);
INSERT INTO class VALUES (74, 'sympathomimétiques', NULL, 1);
INSERT INTO class VALUES (75, 'sympathomimétiques utilisés par voies orale et/ou nasale', 74, 2);
INSERT INTO class VALUES (76, 'sympathomimétiques utilisés par voies IM et IV', 74, 2);
INSERT INTO class VALUES (77, 'normolipémiants', NULL, 1);
INSERT INTO class VALUES (78, 'fibrates', 77, 2);
INSERT INTO class VALUES (79, 'inhibiteurs de l\'HMG-CoA réductase', 77, 2);
INSERT INTO class VALUES (80, 'inhibiteur de l’absorption intestinale du cholestérol', 77, 2);
INSERT INTO class VALUES (81, 'résines chélatrices', 77, 2);
INSERT INTO class VALUES (82, 'Antalgiques', NULL, 1);
INSERT INTO class VALUES (83, 'morphiniques agoniste-antagoniste', 82, 2);
INSERT INTO class VALUES (84, 'antalgiques morphiniques de palier III', 82, 2);
INSERT INTO class VALUES (85, 'morphiniques agoniste pur', 84, 3);
INSERT INTO class VALUES (86, 'analgésiques morphiniques de palier II', 82, 2);
INSERT INTO class VALUES (87, 'anti-tussif', 86, 3);
INSERT INTO class VALUES (88, 'antalgiques de palier II non morphinique', 82, 2);
INSERT INTO class VALUES (89, 'morphiniques antagoniste partiel', 82, 2);
INSERT INTO class VALUES (90, 'antagoniste morphinique', 82, 2);
INSERT INTO class VALUES (91, 'analgésiques de palier I', 82, 2);
INSERT INTO class VALUES (92, 'anti-inflammatoires', NULL, 1);
INSERT INTO class VALUES (93, 'Anti-inflammatoires non stéroïdiens', 92, 2);
INSERT INTO class VALUES (94, 'acides aminobenzoïques', 93, 3);
INSERT INTO class VALUES (95, 'acides arylacétiques', 93, 3);
INSERT INTO class VALUES (96, 'acides arylpropioniques', 93, 3);
INSERT INTO class VALUES (97, 'autres acides arylcarboxylique', 93, 3);
INSERT INTO class VALUES (98, 'indoliques', 93, 3);
INSERT INTO class VALUES (99, 'sélectifs cox-2', 93, 3);
INSERT INTO class VALUES (100, 'oxicam', 93, 3);
INSERT INTO class VALUES (101, 'acide aminosalicylique et dérivés', 93, 3);
INSERT INTO class VALUES (102, 'corticoïdes', 92, 2);
INSERT INTO class VALUES (103, 'minéralocorticoïdes', 102, 3);
INSERT INTO class VALUES (104, 'glucocorticoïdes', 102, 3);
INSERT INTO class VALUES (105, 'Immunosuppresseurs', NULL, 1);
INSERT INTO class VALUES (106, 'Antirhumatismale', NULL, 1);
INSERT INTO class VALUES (107, 'antipaludéens', 106, 2);
INSERT INTO class VALUES (108, 'anti-TNF alpha', 106, 2);
INSERT INTO class VALUES (109, 'inhibiteur de la PDE4', 106, 2);
INSERT INTO class VALUES (110, 'inhibiteur de l’IL-6', 106, 2);
INSERT INTO class VALUES (111, 'inhibiteur de l’IL-17', 106, 2);
INSERT INTO class VALUES (112, 'inhibiteurs des Janus Kinase', 106, 2);
INSERT INTO class VALUES (113, 'inhibiteur de dihydroorotate déshydrogénase', 106, 2);
INSERT INTO class VALUES (114, 'inhibiteur de la dihydrofolate réductase', 106, 2);
INSERT INTO class VALUES (115, 'traitement symptomatique de l\'arthrose', NULL, 1);
INSERT INTO class VALUES (116, 'antimigraineux', NULL, 1);
INSERT INTO class VALUES (117, 'triptans métabolisés par la MAO', 116, 2);
INSERT INTO class VALUES (118, 'Agonistes des récepteurs 5-HT1', 117, 3);
INSERT INTO class VALUES (119, 'Agonistes des récepteurs 5-HT2', 117, 3);
INSERT INTO class VALUES (120, 'Agonistes des récepteurs 5-HT3', 117, 3);
INSERT INTO class VALUES (121, 'Agonistes des récepteurs 5-HT4', 117, 3);
INSERT INTO class VALUES (122, 'triptans non métabolisés par la MAO', 116, 2);
INSERT INTO class VALUES (123, 'Agonistes des récepteurs 5-HT5', 122, 3);
INSERT INTO class VALUES (124, 'Agonistes des récepteurs 5-HT6', 122, 3);
INSERT INTO class VALUES (125, 'Agonistes des récepteurs 5-HT7', 122, 3);
INSERT INTO class VALUES (126, 'Dérivés de l’ergot de seigle', 116, 2);
INSERT INTO class VALUES (127, 'Antagonistes H1 et 5-HT2', 116, 2);
INSERT INTO class VALUES (128, 'antagoniste H1, D, M', 116, 2);
INSERT INTO class VALUES (129, 'Myorelaxants hors benzodiazépines', NULL, 1);
INSERT INTO class VALUES (130, 'antagonistes de l’hormone de croissance', NULL, 1);
INSERT INTO class VALUES (131, 'agonistes de l’hormone de croissance', NULL, 1);
INSERT INTO class VALUES (132, 'analogues de la somatostatine', NULL, 1);
INSERT INTO class VALUES (133, 'inhibiteurs de la sécrétion de l’hormone de croissance', 132, 2);
INSERT INTO class VALUES (134, 'agoniste de l’hormone antidiurétique', NULL, 1);
INSERT INTO class VALUES (135, 'antagoniste de l’hormone antidiurétique', NULL, 1);
INSERT INTO class VALUES (136, 'inhibiteurs de la parathormone', NULL, 1);
INSERT INTO class VALUES (137, 'antithyroïdiens', NULL, 1);
INSERT INTO class VALUES (138, 'hormones thyroïdiennes', NULL, 1);
INSERT INTO class VALUES (139, 'estrogènes', NULL, 1);
INSERT INTO class VALUES (140, 'progestatifs', NULL, 1);
INSERT INTO class VALUES (141, 'modulateur des récepteurs à la progestérone', NULL, 1);
INSERT INTO class VALUES (142, 'antiprogestatif - interruption de grossesse', NULL, 1);
INSERT INTO class VALUES (143, 'prostaglandine - interruption de grossesse', NULL, 1);
INSERT INTO class VALUES (144, 'analogues de la GnRH', NULL, 1);
INSERT INTO class VALUES (145, 'antagonistes GnRH', NULL, 1);
INSERT INTO class VALUES (146, 'antagonistes des récepteurs ostrogéniques hypothalamiques', NULL, 1);
INSERT INTO class VALUES (147, 'androgènes', NULL, 1);
INSERT INTO class VALUES (148, 'antiandrogènes', NULL, 1);
INSERT INTO class VALUES (149, 'inhibiteurs de la 5-alpha reductase', 148, 2);
INSERT INTO class VALUES (150, 'bisphosphonates', NULL, 1);
INSERT INTO class VALUES (151, 'antidiabétique', NULL, 1);
INSERT INTO class VALUES (152, 'biguanide', 151, 2);
INSERT INTO class VALUES (153, 'glinide', 151, 2);
INSERT INTO class VALUES (154, 'inhibiteur de la dipeptidylpeptidase-4', 151, 2);
INSERT INTO class VALUES (155, 'sulfonylurée', 151, 2);
INSERT INTO class VALUES (156, 'analogies du glucagon like peptide-1', 151, 2);
INSERT INTO class VALUES (157, 'inhibiteur de l’?-glucosidases', 151, 2);
INSERT INTO class VALUES (158, 'insulines et analogues', 151, 2);
INSERT INTO class VALUES (159, 'insulines d’action rapide', 158, 3);
INSERT INTO class VALUES (160, 'insulines d’action lente', 158, 3);
INSERT INTO class VALUES (161, 'insulines d’action intermédiaire', 158, 3);
INSERT INTO class VALUES (162, 'antiagrégants plaquettaires', NULL, 1);
INSERT INTO class VALUES (163, 'inhibiteur de la captation de l’adénosine dans les plaquettes', 162, 2);
INSERT INTO class VALUES (164, 'inhibiteurs des récepteurs P2Y12 plaquettaires', 162, 2);
INSERT INTO class VALUES (165, 'antagonistes des révepteurs GP IIb/IIIa', 162, 2);
INSERT INTO class VALUES (166, 'analogue de la prostacycline', 162, 2);
INSERT INTO class VALUES (167, 'thrombolytiques', NULL, 1);
INSERT INTO class VALUES (168, 'anticoagulants', NULL, 1);
INSERT INTO class VALUES (169, 'antivitamines K', 168, 2);
INSERT INTO class VALUES (170, 'inhibiteurs direct de thrombine', 168, 2);
INSERT INTO class VALUES (171, 'inhibiteurs du facteur Xa', 168, 2);
INSERT INTO class VALUES (172, 'héparines', 168, 2);
INSERT INTO class VALUES (173, '?-bloquants à visée urologique', NULL, 1);
INSERT INTO class VALUES (174, 'antispasmodiques urinaires', NULL, 1);
INSERT INTO class VALUES (175, 'inducteurs de l’érection', NULL, 1);
INSERT INTO class VALUES (176, 'inhibiteurs de la phosphodiesterase de type 5', 175, 2);
INSERT INTO class VALUES (177, 'antagoniste des récepteurs alpha-2', 175, 2);
INSERT INTO class VALUES (178, 'Antitussifs – toux sèche', NULL, 1);
INSERT INTO class VALUES (179, 'opioïdes', 178, 2);
INSERT INTO class VALUES (180, 'antihistaminiques, anticholinergiques', 178, 2);
INSERT INTO class VALUES (181, 'central, non opioïde, non antihistaminques', 178, 2);
INSERT INTO class VALUES (182, 'mucoglycoprotéine', 178, 2);
INSERT INTO class VALUES (183, 'Antitussifs mucolytiques', NULL, 1);
INSERT INTO class VALUES (184, 'bêta-2 mimétiques', NULL, 1);
INSERT INTO class VALUES (185, 'bêta-2 mimétiques d\'action courte', 184, 2);
INSERT INTO class VALUES (186, 'bêta-2 mimétiques d\'action prolongée', 184, 2);
INSERT INTO class VALUES (187, 'antagoniste muscariniques', NULL, 1);
INSERT INTO class VALUES (188, 'théophylline et dérivés', NULL, 1);
INSERT INTO system VALUES (1, 'ANTIINFECTIEUX', NULL, 1);
INSERT INTO system VALUES (2, 'ANTIVIRAL', 1, 2);
INSERT INTO system VALUES (3, 'ANTIBIOTIQUE', 1, 2);
INSERT INTO system VALUES (4, 'ANTIPARASITAIRE', 1, 2);
INSERT INTO system VALUES (5, 'Cardio-vasculaire', NULL, 1);
INSERT INTO system VALUES (6, 'antihypertenseur', 5, 2);
INSERT INTO system VALUES (7, 'Douleurs-inflammation', NULL, 1);
INSERT INTO system VALUES (8, 'système respiratoire', 7, 2);
INSERT INTO system VALUES (9, 'endocrinologie et diabète', NULL, 1);
INSERT INTO system VALUES (10, 'endocrinologie', 9, 2);
INSERT INTO system VALUES (11, 'diabète', 9, 2);
INSERT INTO system VALUES (12, 'hémostase', NULL, 1);
INSERT INTO system VALUES (13, 'urologie', NULL, 1);
INSERT INTO system VALUES (14, 'Système respiratoire', NULL, 1);
INSERT INTO property (pr_id, pr_name) VALUES (1, 'sideEffects');
INSERT INTO property_value (pv_id, pv_name, pv_property) VALUES (11, 'hypotension orthostatique', 1);
INSERT INTO property_value (pv_id, pv_name, pv_property) VALUES (12, 'Nephrotoxicité', 1);
INSERT INTO property_value (pv_id, pv_name, pv_property) VALUES (13, 'Décoloration dents', 1);
INSERT INTO property_value (pv_id, pv_name, pv_property) VALUES (14, 'Hypoplasie email dentaire', 1);
INSERT INTO property_value (pv_id, pv_name, pv_property) VALUES (15, 'oesophagite', 1);
INSERT INTO property_value (pv_id, pv_name, pv_property) VALUES (16, 'Ototoxicité', 1);
INSERT INTO property_value (pv_id, pv_name, pv_property) VALUES (17, 'Torsade de pointe', 1);
INSERT INTO property_value (pv_id, pv_name, pv_property) VALUES (18, 'Diminution seuil epileptogene', 1);
INSERT INTO property_value (pv_id, pv_name, pv_property) VALUES (19, 'Syndrome serotoninergique', 1);
INSERT INTO property_value (pv_id, pv_name, pv_property) VALUES (110, 'Toxicite hematologique', 1);
INSERT INTO property_value (pv_id, pv_name, pv_property) VALUES (111, 'œdème', 1);
INSERT INTO property_value (pv_id, pv_name, pv_property) VALUES (112, 'céphalée', 1);
INSERT INTO property_value (pv_id, pv_name, pv_property) VALUES (113, 'flush', 1);
INSERT INTO property_value (pv_id, pv_name, pv_property) VALUES (114, 'bradycardisant', 1);
INSERT INTO property_value (pv_id, pv_name, pv_property) VALUES (115, 'hyperkaliémiant', 1);
INSERT INTO property_value (pv_id, pv_name, pv_property) VALUES (116, 'torsadogène', 1);
INSERT INTO property_value (pv_id, pv_name, pv_property) VALUES (117, 'hypokaliémiant', 1);
INSERT INTO property_value (pv_id, pv_name, pv_property) VALUES (118, 'hyponatrémiant', 1);
INSERT INTO property_value (pv_id, pv_name, pv_property) VALUES (119, 'ototoxique', 1);
INSERT INTO property_value (pv_id, pv_name, pv_property) VALUES (120, 'toux', 1);
INSERT INTO property_value (pv_id, pv_name, pv_property) VALUES (121, 'sédatif', 1);
INSERT INTO property_value (pv_id, pv_name, pv_property) VALUES (122, 'atropinique', 1);
INSERT INTO property_value (pv_id, pv_name, pv_property) VALUES (123, 'abaisse le seuil épileptogène', 1);
INSERT INTO property_value (pv_id, pv_name, pv_property) VALUES (124, 'à l\'origine d\'un syndrome sérotoninergique', 1);
INSERT INTO property_value (pv_id, pv_name, pv_property) VALUES (125, 'hypokaliémiants', 1);
INSERT INTO property_value (pv_id, pv_name, pv_property) VALUES (126, 'hyperkaliémiants', 1);
INSERT INTO property_value (pv_id, pv_name, pv_property) VALUES (127, 'néphrotoxiques', 1);
INSERT INTO property_value (pv_id, pv_name, pv_property) VALUES (128, 'néphrotoxique', 1);
INSERT INTO property_value (pv_id, pv_name, pv_property) VALUES (129, 'antabuse', 1);
INSERT INTO property (pr_id, pr_name) VALUES (3, 'indications');
INSERT INTO property_value (pv_id, pv_name, pv_property) VALUES (31, 'Grippe', 3);
INSERT INTO property_value (pv_id, pv_name, pv_property) VALUES (32, 'Parkinson', 3);
INSERT INTO property_value (pv_id, pv_name, pv_property) VALUES (33, 'VHB', 3);
INSERT INTO property_value (pv_id, pv_name, pv_property) VALUES (34, 'VIH', 3);
INSERT INTO property_value (pv_id, pv_name, pv_property) VALUES (35, 'CMV', 3);
INSERT INTO property_value (pv_id, pv_name, pv_property) VALUES (36, 'VHC', 3);
INSERT INTO property_value (pv_id, pv_name, pv_property) VALUES (37, 'HSV', 3);
INSERT INTO property_value (pv_id, pv_name, pv_property) VALUES (38, 'VZV', 3);
INSERT INTO property_value (pv_id, pv_name, pv_property) VALUES (39, 'EBV', 3);
INSERT INTO property_value (pv_id, pv_name, pv_property) VALUES (310, 'VHD', 3);
INSERT INTO property_value (pv_id, pv_name, pv_property) VALUES (311, 'Infection bacterienne', 3);
INSERT INTO property_value (pv_id, pv_name, pv_property) VALUES (312, 'Paludisme', 3);
INSERT INTO property_value (pv_id, pv_name, pv_property) VALUES (313, 'Protozoocide', 3);
INSERT INTO property_value (pv_id, pv_name, pv_property) VALUES (314, 'Tuberculose', 3);
INSERT INTO property_value (pv_id, pv_name, pv_property) VALUES (315, 'Helminthes', 3);
INSERT INTO property_value (pv_id, pv_name, pv_property) VALUES (316, 'Protozoaires', 3);
INSERT INTO property_value (pv_id, pv_name, pv_property) VALUES (317, 'Bactéries anaérobies', 3);
INSERT INTO property_value (pv_id, pv_name, pv_property) VALUES (318, 'HTA', 3);
INSERT INTO property_value (pv_id, pv_name, pv_property) VALUES (319, 'angor', 3);
INSERT INTO property_value (pv_id, pv_name, pv_property) VALUES (320, 'arythmie', 3);
INSERT INTO property_value (pv_id, pv_name, pv_property) VALUES (321, 'insuffisance cardiaque', 3);
INSERT INTO property_value (pv_id, pv_name, pv_property) VALUES (322, 'HTAP', 3);
INSERT INTO property_value (pv_id, pv_name, pv_property) VALUES (323, 'arythmie cardiaque', 3);
INSERT INTO property_value (pv_id, pv_name, pv_property) VALUES (324, 'sevrage aux opiacés', 3);
INSERT INTO property_value (pv_id, pv_name, pv_property) VALUES (325, 'douleurs', 3);
INSERT INTO property_value (pv_id, pv_name, pv_property) VALUES (326, 'analgésie pendant l\'anesthésie', 3);
INSERT INTO property_value (pv_id, pv_name, pv_property) VALUES (327, 'toux sèche', 3);
INSERT INTO property_value (pv_id, pv_name, pv_property) VALUES (328, 'traitement de substitution', 3);
INSERT INTO property_value (pv_id, pv_name, pv_property) VALUES (329, 'sevrage alcoolique', 3);
INSERT INTO property_value (pv_id, pv_name, pv_property) VALUES (330, 'dépression respiratoire due aux opiacés', 3);
INSERT INTO property_value (pv_id, pv_name, pv_property) VALUES (331, 'associée à la buprénorphine pour empêcher l\'utilisation IV', 3);
INSERT INTO property_value (pv_id, pv_name, pv_property) VALUES (332, 'fièvre', 3);
INSERT INTO property_value (pv_id, pv_name, pv_property) VALUES (333, 'ménorragies', 3);
INSERT INTO property_value (pv_id, pv_name, pv_property) VALUES (334, 'rhumatismes, arthroses', 3);
INSERT INTO property_value (pv_id, pv_name, pv_property) VALUES (335, 'Dysménorrhées', 3);
INSERT INTO property_value (pv_id, pv_name, pv_property) VALUES (336, 'rectocolite hémorragique', 3);
INSERT INTO property_value (pv_id, pv_name, pv_property) VALUES (337, 'rectocolite hémorragique / maladie de Crohn', 3);
INSERT INTO property_value (pv_id, pv_name, pv_property) VALUES (338, 'insuffisance corticosurrénalienne', 3);
INSERT INTO property_value (pv_id, pv_name, pv_property) VALUES (339, 'otites', 3);
INSERT INTO property_value (pv_id, pv_name, pv_property) VALUES (340, 'asthme/BPCO', 3);
INSERT INTO property_value (pv_id, pv_name, pv_property) VALUES (341, 'rhinite allergique', 3);
INSERT INTO property_value (pv_id, pv_name, pv_property) VALUES (342, 'prévention du rejet de greffe', 3);
INSERT INTO property_value (pv_id, pv_name, pv_property) VALUES (343, 'polyarthrite rhumatoïde', 3);
INSERT INTO property_value (pv_id, pv_name, pv_property) VALUES (344, 'cancers', 3);
INSERT INTO property_value (pv_id, pv_name, pv_property) VALUES (345, 'arthrose', 3);
INSERT INTO property_value (pv_id, pv_name, pv_property) VALUES (346, 'migraine', 3);
INSERT INTO property_value (pv_id, pv_name, pv_property) VALUES (347, 'contractures musculaires', 3);
INSERT INTO property_value (pv_id, pv_name, pv_property) VALUES (348, 'sevrage alcolique', 3);
INSERT INTO property_value (pv_id, pv_name, pv_property) VALUES (349, 'acromégalie', 3);
INSERT INTO property_value (pv_id, pv_name, pv_property) VALUES (350, 'retard de croissance', 3);
INSERT INTO property_value (pv_id, pv_name, pv_property) VALUES (351, 'maladie de Cushing', 3);
INSERT INTO property_value (pv_id, pv_name, pv_property) VALUES (352, 'diabète insipide', 3);
INSERT INTO property_value (pv_id, pv_name, pv_property) VALUES (353, 'énurésie nocturne', 3);
INSERT INTO property_value (pv_id, pv_name, pv_property) VALUES (354, 'polykystoses rénales', 3);
INSERT INTO property_value (pv_id, pv_name, pv_property) VALUES (355, 'syndromes de sécrétion inappropriée d\'hormone antidiurétique (SIADH)', 3);
INSERT INTO property_value (pv_id, pv_name, pv_property) VALUES (356, 'Hyperparathyroïdie', 3);
INSERT INTO property_value (pv_id, pv_name, pv_property) VALUES (357, 'cancer de la parathyroïde', 3);
INSERT INTO property_value (pv_id, pv_name, pv_property) VALUES (358, 'hyperthyroïdie', 3);
INSERT INTO property_value (pv_id, pv_name, pv_property) VALUES (359, 'hypothyroïdie', 3);
INSERT INTO property_value (pv_id, pv_name, pv_property) VALUES (360, 'freinage de la sécrétion de TSH', 3);
INSERT INTO property_value (pv_id, pv_name, pv_property) VALUES (361, 'traitement hormonal substitutif', 3);
INSERT INTO property_value (pv_id, pv_name, pv_property) VALUES (362, 'prévention de l\'ostéoporose', 3);
INSERT INTO property_value (pv_id, pv_name, pv_property) VALUES (363, 'contraception', 3);
INSERT INTO property_value (pv_id, pv_name, pv_property) VALUES (364, 'atrophie vaginale due à une déficience en oestrogènes', 3);
INSERT INTO property_value (pv_id, pv_name, pv_property) VALUES (365, 'insuffisance en progestérone', 3);
INSERT INTO property_value (pv_id, pv_name, pv_property) VALUES (366, 'endométriose', 3);
INSERT INTO property_value (pv_id, pv_name, pv_property) VALUES (367, 'dysménorrhée', 3);
INSERT INTO property_value (pv_id, pv_name, pv_property) VALUES (368, 'contraception d\'urgence', 3);
INSERT INTO property_value (pv_id, pv_name, pv_property) VALUES (369, 'cancer hormono-dépendant', 3);
INSERT INTO property_value (pv_id, pv_name, pv_property) VALUES (370, 'interruption de grossesse', 3);
INSERT INTO property_value (pv_id, pv_name, pv_property) VALUES (371, 'cancer de la prostate', 3);
INSERT INTO property_value (pv_id, pv_name, pv_property) VALUES (372, 'puberté précoce', 3);
INSERT INTO property_value (pv_id, pv_name, pv_property) VALUES (373, 'fécondation in vitro', 3);
INSERT INTO property_value (pv_id, pv_name, pv_property) VALUES (374, 'stérilité par anovulation / dysovulation', 3);
INSERT INTO property_value (pv_id, pv_name, pv_property) VALUES (375, 'déficit endrogénique', 3);
INSERT INTO property_value (pv_id, pv_name, pv_property) VALUES (376, 'aplasie médulaire', 3);
INSERT INTO property_value (pv_id, pv_name, pv_property) VALUES (377, 'hypertrophie bénigne de la prostate', 3);
INSERT INTO property_value (pv_id, pv_name, pv_property) VALUES (378, 'alopécie androgénique', 3);
INSERT INTO property_value (pv_id, pv_name, pv_property) VALUES (379, 'diabète de type II', 3);
INSERT INTO property_value (pv_id, pv_name, pv_property) VALUES (380, 'diabète de type I', 3);
INSERT INTO property_value (pv_id, pv_name, pv_property) VALUES (381, 'Prévention des accidents thrombo-emboliques', 3);
INSERT INTO property_value (pv_id, pv_name, pv_property) VALUES (382, 'réduction d\'événement thrombotique', 3);
INSERT INTO property_value (pv_id, pv_name, pv_property) VALUES (383, 'infarctus du myocarde', 3);
INSERT INTO property_value (pv_id, pv_name, pv_property) VALUES (384, 'ischémie chronique dévère des membres inférieurs', 3);
INSERT INTO property_value (pv_id, pv_name, pv_property) VALUES (385, 'phénomènes de Raynaud en évolution', 3);
INSERT INTO property_value (pv_id, pv_name, pv_property) VALUES (386, 'traitement des cathéters veineux centraux occlus', 3);
INSERT INTO property_value (pv_id, pv_name, pv_property) VALUES (387, 'IDM', 3);
INSERT INTO property_value (pv_id, pv_name, pv_property) VALUES (388, 'thrombus', 3);
INSERT INTO property_value (pv_id, pv_name, pv_property) VALUES (389, 'purpura thrombopénique', 3);
INSERT INTO property_value (pv_id, pv_name, pv_property) VALUES (390, 'thrombopénie induite par l’héparine', 3);
INSERT INTO property_value (pv_id, pv_name, pv_property) VALUES (391, 'thrombose veineuse profonde', 3);
INSERT INTO property_value (pv_id, pv_name, pv_property) VALUES (392, 'embolie pulmonaire', 3);
INSERT INTO property_value (pv_id, pv_name, pv_property) VALUES (393, 'hyperactivités vésicales', 3);
INSERT INTO property_value (pv_id, pv_name, pv_property) VALUES (394, 'dysfonction érectile', 3);
INSERT INTO property_value (pv_id, pv_name, pv_property) VALUES (395, 'toux productive', 3);
INSERT INTO property_value (pv_id, pv_name, pv_property) VALUES (396, 'asthme', 3);
INSERT INTO property_value (pv_id, pv_name, pv_property) VALUES (397, 'BPCO', 3);
INSERT INTO property_value (pv_id, pv_name, pv_property) VALUES (398, 'travail prématurée', 3);
INSERT INTO property (pr_id, pr_name) VALUES (2, 'interactions');
INSERT INTO property_value (pv_id, pv_name, pv_property) VALUES (21, 'CYP3A4', 2);
INSERT INTO property_value (pv_id, pv_name, pv_property) VALUES (22, 'Allongement QT', 2);
INSERT INTO property_value (pv_id, pv_name, pv_property) VALUES (23, 'Syndrome serotoninergique', 2);
INSERT INTO property_value (pv_id, pv_name, pv_property) VALUES (24, 'substrat CYP450', 2);
INSERT INTO property_value (pv_id, pv_name, pv_property) VALUES (25, 'substrat CYP451', 2);
INSERT INTO property_value (pv_id, pv_name, pv_property) VALUES (26, 'substrat CYP452', 2);
INSERT INTO property_value (pv_id, pv_name, pv_property) VALUES (27, 'substrat du CYP450', 2);
INSERT INTO property_value (pv_id, pv_name, pv_property) VALUES (28, 'substrat à risque du CYP450', 2);
INSERT INTO property_value (pv_id, pv_name, pv_property) VALUES (29, 'risque lors d\'un sevrage tabagique', 2);
INSERT INTO property_value (pv_id, pv_name, pv_property) VALUES (210, 'substrat à risque du CYP451', 2);
INSERT INTO property_value (pv_id, pv_name, pv_property) VALUES (211, 'substrat à risque du CYP452', 2);
INSERT INTO property_value (pv_id, pv_name, pv_property) VALUES (212, 'substrats à risque du CYP450', 2);
INSERT INTO property_value (pv_id, pv_name, pv_property) VALUES (213, 'substrats à risque du CYP451', 2);
INSERT INTO property_value (pv_id, pv_name, pv_property) VALUES (214, 'substrats à risque du CYP3A4', 2);
INSERT INTO property_value (pv_id, pv_name, pv_property) VALUES (215, 'abaisse le seuil épileptogène', 2);
INSERT INTO molecule (mo_id, mo_dci, mo_skeletal_formula, mo_ntr, mo_difficulty, mo_system, mo_class) VALUES (1, 'AMANTADINE', '', 0, 'HARD', 2, 1);
INSERT INTO molecule_property (mo_id, pv_id) VALUES (1, 31);
INSERT INTO molecule_property (mo_id, pv_id) VALUES (1, 32);
INSERT INTO molecule_property (mo_id, pv_id) VALUES (1, 11);
INSERT INTO molecule (mo_id, mo_dci, mo_skeletal_formula, mo_ntr, mo_difficulty, mo_system, mo_class) VALUES (2, 'OSELTAMIVIR', '', 0, 'HARD', 2, 2);
INSERT INTO molecule_property (mo_id, pv_id) VALUES (2, 31);
INSERT INTO molecule (mo_id, mo_dci, mo_skeletal_formula, mo_ntr, mo_difficulty, mo_system, mo_class) VALUES (3, 'ZANAMIVIR', '', 0, 'HARD', 2, 2);
INSERT INTO molecule_property (mo_id, pv_id) VALUES (3, 31);
INSERT INTO molecule (mo_id, mo_dci, mo_skeletal_formula, mo_ntr, mo_difficulty, mo_system, mo_class) VALUES (4, 'LAMIVUDINE', '', 0, 'HARD', 2, 4);
INSERT INTO molecule_property (mo_id, pv_id) VALUES (4, 33);
INSERT INTO molecule_property (mo_id, pv_id) VALUES (4, 34);
INSERT INTO molecule (mo_id, mo_dci, mo_skeletal_formula, mo_ntr, mo_difficulty, mo_system, mo_class) VALUES (5, 'ENTECAVIR', '', 0, 'HARD', 2, 3);
INSERT INTO molecule_property (mo_id, pv_id) VALUES (5, 33);
INSERT INTO molecule (mo_id, mo_dci, mo_skeletal_formula, mo_ntr, mo_difficulty, mo_system, mo_class) VALUES (6, 'TELBIVUDINE', '', 0, 'HARD', 2, 3);
INSERT INTO molecule_property (mo_id, pv_id) VALUES (6, 33);
INSERT INTO molecule (mo_id, mo_dci, mo_skeletal_formula, mo_ntr, mo_difficulty, mo_system, mo_class) VALUES (7, 'RIBAVIRINE', '', 0, 'EASY', 2, 3);
INSERT INTO molecule_property (mo_id, pv_id) VALUES (7, 33);
INSERT INTO molecule (mo_id, mo_dci, mo_skeletal_formula, mo_ntr, mo_difficulty, mo_system, mo_class) VALUES (8, 'ADEFOVIR', '', 0, 'EASY', 2, 5);
INSERT INTO molecule_property (mo_id, pv_id) VALUES (8, 33);
INSERT INTO molecule (mo_id, mo_dci, mo_skeletal_formula, mo_ntr, mo_difficulty, mo_system, mo_class) VALUES (9, 'TENOFOVIR DISOPROXIL', '', 0, 'EASY', 2, 6);
INSERT INTO molecule_property (mo_id, pv_id) VALUES (9, 33);
INSERT INTO molecule_property (mo_id, pv_id) VALUES (9, 34);
INSERT INTO molecule (mo_id, mo_dci, mo_skeletal_formula, mo_ntr, mo_difficulty, mo_system, mo_class) VALUES (10, 'TENOFOVIR ALAFENAMIDE', '', 0, 'EASY', 2, 6);
INSERT INTO molecule_property (mo_id, pv_id) VALUES (10, 34);
INSERT INTO molecule (mo_id, mo_dci, mo_skeletal_formula, mo_ntr, mo_difficulty, mo_system, mo_class) VALUES (11, 'LETERMOVIR', '', 0, 'EASY', 2, 7);
INSERT INTO molecule_property (mo_id, pv_id) VALUES (11, 35);
INSERT INTO molecule (mo_id, mo_dci, mo_skeletal_formula, mo_ntr, mo_difficulty, mo_system, mo_class) VALUES (12, 'SOFOSBUVIR', '', 0, 'EASY', 2, 8);
INSERT INTO molecule_property (mo_id, pv_id) VALUES (12, 36);
INSERT INTO molecule (mo_id, mo_dci, mo_skeletal_formula, mo_ntr, mo_difficulty, mo_system, mo_class) VALUES (13, 'VELPASTASVIR', '', 0, 'EASY', 2, 9);
INSERT INTO molecule_property (mo_id, pv_id) VALUES (13, 36);
INSERT INTO molecule (mo_id, mo_dci, mo_skeletal_formula, mo_ntr, mo_difficulty, mo_system, mo_class) VALUES (14, 'GLECAPREVIR', '', 0, 'EASY', 2, 10);
INSERT INTO molecule_property (mo_id, pv_id) VALUES (14, 36);
INSERT INTO molecule (mo_id, mo_dci, mo_skeletal_formula, mo_ntr, mo_difficulty, mo_system, mo_class) VALUES (15, 'PIBRENTASVIR', '', 0, 'EASY', 2, 9);
INSERT INTO molecule_property (mo_id, pv_id) VALUES (15, 36);
INSERT INTO molecule (mo_id, mo_dci, mo_skeletal_formula, mo_ntr, mo_difficulty, mo_system, mo_class) VALUES (16, 'DACLATASVIR', '', 0, 'EASY', 2, 9);
INSERT INTO molecule_property (mo_id, pv_id) VALUES (16, 36);
INSERT INTO molecule (mo_id, mo_dci, mo_skeletal_formula, mo_ntr, mo_difficulty, mo_system, mo_class) VALUES (17, 'LEDIPASVIR', '', 0, 'EASY', 2, 9);
INSERT INTO molecule_property (mo_id, pv_id) VALUES (17, 36);
INSERT INTO molecule (mo_id, mo_dci, mo_skeletal_formula, mo_ntr, mo_difficulty, mo_system, mo_class) VALUES (18, 'ACICLOVIR', '', 0, 'EASY', 2, 3);
INSERT INTO molecule_property (mo_id, pv_id) VALUES (18, 37);
INSERT INTO molecule_property (mo_id, pv_id) VALUES (18, 38);
INSERT INTO molecule_property (mo_id, pv_id) VALUES (18, 12);
INSERT INTO molecule (mo_id, mo_dci, mo_skeletal_formula, mo_ntr, mo_difficulty, mo_system, mo_class) VALUES (19, 'VALACICLOVIR', '', 0, 'EASY', 2, 3);
INSERT INTO molecule_property (mo_id, pv_id) VALUES (19, 37);
INSERT INTO molecule_property (mo_id, pv_id) VALUES (19, 38);
INSERT INTO molecule_property (mo_id, pv_id) VALUES (19, 12);
INSERT INTO molecule (mo_id, mo_dci, mo_skeletal_formula, mo_ntr, mo_difficulty, mo_system, mo_class) VALUES (20, 'GANCICLOVIR', '', 0, 'EASY', 2, 3);
INSERT INTO molecule_property (mo_id, pv_id) VALUES (20, 35);
INSERT INTO molecule_property (mo_id, pv_id) VALUES (20, 12);
INSERT INTO molecule (mo_id, mo_dci, mo_skeletal_formula, mo_ntr, mo_difficulty, mo_system, mo_class) VALUES (21, 'VALGANCICLOVIR', '', 0, 'EASY', 2, 3);
INSERT INTO molecule_property (mo_id, pv_id) VALUES (21, 35);
INSERT INTO molecule_property (mo_id, pv_id) VALUES (21, 12);
INSERT INTO molecule (mo_id, mo_dci, mo_skeletal_formula, mo_ntr, mo_difficulty, mo_system, mo_class) VALUES (22, 'FOSCARNET', '', 0, 'EASY', 2, 11);
INSERT INTO molecule_property (mo_id, pv_id) VALUES (22, 37);
INSERT INTO molecule_property (mo_id, pv_id) VALUES (22, 38);
INSERT INTO molecule_property (mo_id, pv_id) VALUES (22, 39);
INSERT INTO molecule_property (mo_id, pv_id) VALUES (22, 35);
INSERT INTO molecule_property (mo_id, pv_id) VALUES (22, 12);
INSERT INTO molecule (mo_id, mo_dci, mo_skeletal_formula, mo_ntr, mo_difficulty, mo_system, mo_class) VALUES (23, 'DORAVIRINE', '', 0, 'EASY', 2, 12);
INSERT INTO molecule_property (mo_id, pv_id) VALUES (23, 34);
INSERT INTO molecule (mo_id, mo_dci, mo_skeletal_formula, mo_ntr, mo_difficulty, mo_system, mo_class) VALUES (24, 'EFAVIRENZ', '', 0, 'EASY', 2, 12);
INSERT INTO molecule_property (mo_id, pv_id) VALUES (24, 34);
INSERT INTO molecule (mo_id, mo_dci, mo_skeletal_formula, mo_ntr, mo_difficulty, mo_system, mo_class) VALUES (25, 'ETRAVIRINE', '', 0, 'EASY', 2, 12);
INSERT INTO molecule_property (mo_id, pv_id) VALUES (25, 34);
INSERT INTO molecule (mo_id, mo_dci, mo_skeletal_formula, mo_ntr, mo_difficulty, mo_system, mo_class) VALUES (26, 'NEVIRAPINE', '', 0, 'EASY', 2, 12);
INSERT INTO molecule_property (mo_id, pv_id) VALUES (26, 34);
INSERT INTO molecule (mo_id, mo_dci, mo_skeletal_formula, mo_ntr, mo_difficulty, mo_system, mo_class) VALUES (27, 'RILPIVIRINE', '', 0, 'EASY', 2, 12);
INSERT INTO molecule_property (mo_id, pv_id) VALUES (27, 34);
INSERT INTO molecule (mo_id, mo_dci, mo_skeletal_formula, mo_ntr, mo_difficulty, mo_system, mo_class) VALUES (28, 'ABACAVIR', '', 0, 'EASY', 2, 4);
INSERT INTO molecule_property (mo_id, pv_id) VALUES (28, 34);
INSERT INTO molecule (mo_id, mo_dci, mo_skeletal_formula, mo_ntr, mo_difficulty, mo_system, mo_class) VALUES (29, 'EMTRICITABINE', '', 0, 'EASY', 2, 4);
INSERT INTO molecule_property (mo_id, pv_id) VALUES (29, 34);
INSERT INTO molecule (mo_id, mo_dci, mo_skeletal_formula, mo_ntr, mo_difficulty, mo_system, mo_class) VALUES (30, 'ZIDOVUDINE', '', 0, 'EASY', 2, 4);
INSERT INTO molecule_property (mo_id, pv_id) VALUES (30, 34);
INSERT INTO molecule (mo_id, mo_dci, mo_skeletal_formula, mo_ntr, mo_difficulty, mo_system, mo_class) VALUES (31, 'BULEVIRTIDE', '', 0, 'EASY', 2, 14);
INSERT INTO molecule_property (mo_id, pv_id) VALUES (31, 310);
INSERT INTO molecule (mo_id, mo_dci, mo_skeletal_formula, mo_ntr, mo_difficulty, mo_system, mo_class) VALUES (32, 'COBICISTAT', '', 0, 'EASY', 2, 15);
INSERT INTO molecule_property (mo_id, pv_id) VALUES (32, 34);
INSERT INTO molecule (mo_id, mo_dci, mo_skeletal_formula, mo_ntr, mo_difficulty, mo_system, mo_class) VALUES (33, 'MARAVIROC', '', 0, 'EASY', 2, 16);
INSERT INTO molecule_property (mo_id, pv_id) VALUES (33, 34);
INSERT INTO molecule (mo_id, mo_dci, mo_skeletal_formula, mo_ntr, mo_difficulty, mo_system, mo_class) VALUES (34, 'ENFUVIRTIDE', '', 0, 'EASY', 2, 1);
INSERT INTO molecule_property (mo_id, pv_id) VALUES (34, 34);
INSERT INTO molecule (mo_id, mo_dci, mo_skeletal_formula, mo_ntr, mo_difficulty, mo_system, mo_class) VALUES (35, 'ATAZANAVIR', '', 0, 'EASY', 2, 17);
INSERT INTO molecule_property (mo_id, pv_id) VALUES (35, 34);
INSERT INTO molecule (mo_id, mo_dci, mo_skeletal_formula, mo_ntr, mo_difficulty, mo_system, mo_class) VALUES (36, 'DARUNAVIR', '', 0, 'EASY', 2, 17);
INSERT INTO molecule_property (mo_id, pv_id) VALUES (36, 34);
INSERT INTO molecule (mo_id, mo_dci, mo_skeletal_formula, mo_ntr, mo_difficulty, mo_system, mo_class) VALUES (37, 'FOSAMPRENAVIR', '', 0, 'EASY', 2, 17);
INSERT INTO molecule_property (mo_id, pv_id) VALUES (37, 34);
INSERT INTO molecule (mo_id, mo_dci, mo_skeletal_formula, mo_ntr, mo_difficulty, mo_system, mo_class) VALUES (38, 'LOPINAVIR', '', 0, 'EASY', 2, 17);
INSERT INTO molecule_property (mo_id, pv_id) VALUES (38, 34);
INSERT INTO molecule (mo_id, mo_dci, mo_skeletal_formula, mo_ntr, mo_difficulty, mo_system, mo_class) VALUES (39, 'RITONAVIR', '', 0, 'EASY', 2, 17);
INSERT INTO molecule_property (mo_id, pv_id) VALUES (39, 34);
INSERT INTO molecule (mo_id, mo_dci, mo_skeletal_formula, mo_ntr, mo_difficulty, mo_system, mo_class) VALUES (40, 'TIPRANAVIR', '', 0, 'EASY', 2, 17);
INSERT INTO molecule_property (mo_id, pv_id) VALUES (40, 34);
INSERT INTO molecule (mo_id, mo_dci, mo_skeletal_formula, mo_ntr, mo_difficulty, mo_system, mo_class) VALUES (41, 'DOLUTEGRAVIR', '', 0, 'EASY', 2, 18);
INSERT INTO molecule_property (mo_id, pv_id) VALUES (41, 34);
INSERT INTO molecule (mo_id, mo_dci, mo_skeletal_formula, mo_ntr, mo_difficulty, mo_system, mo_class) VALUES (42, 'RALTEGRAVIR', '', 0, 'EASY', 2, 18);
INSERT INTO molecule_property (mo_id, pv_id) VALUES (42, 34);
INSERT INTO molecule (mo_id, mo_dci, mo_skeletal_formula, mo_ntr, mo_difficulty, mo_system, mo_class) VALUES (43, 'ELVITEGRAVIR', '', 0, 'EASY', 2, 18);
INSERT INTO molecule_property (mo_id, pv_id) VALUES (43, 34);
INSERT INTO molecule (mo_id, mo_dci, mo_skeletal_formula, mo_ntr, mo_difficulty, mo_system, mo_class) VALUES (44, 'BICTEGRAVIR', '', 0, 'EASY', 2, 18);
INSERT INTO molecule_property (mo_id, pv_id) VALUES (44, 34);
INSERT INTO molecule (mo_id, mo_dci, mo_skeletal_formula, mo_ntr, mo_difficulty, mo_system, mo_class) VALUES (45, 'AMOXICILLINE', '', 0, 'EASY', 3, 20);
INSERT INTO molecule_property (mo_id, pv_id) VALUES (45, 311);
INSERT INTO molecule (mo_id, mo_dci, mo_skeletal_formula, mo_ntr, mo_difficulty, mo_system, mo_class) VALUES (46, 'AMPICILLINE', '', 0, 'EASY', 3, 20);
INSERT INTO molecule_property (mo_id, pv_id) VALUES (46, 311);
INSERT INTO molecule (mo_id, mo_dci, mo_skeletal_formula, mo_ntr, mo_difficulty, mo_system, mo_class) VALUES (47, 'BENZYLPENICILLINE', '', 0, 'EASY', 3, 21);
INSERT INTO molecule_property (mo_id, pv_id) VALUES (47, 311);
INSERT INTO molecule (mo_id, mo_dci, mo_skeletal_formula, mo_ntr, mo_difficulty, mo_system, mo_class) VALUES (48, 'CLOXACILLINE', '', 0, 'EASY', 3, 22);
INSERT INTO molecule_property (mo_id, pv_id) VALUES (48, 311);
INSERT INTO molecule (mo_id, mo_dci, mo_skeletal_formula, mo_ntr, mo_difficulty, mo_system, mo_class) VALUES (49, 'OXACILLINE', '', 0, 'EASY', 3, 22);
INSERT INTO molecule_property (mo_id, pv_id) VALUES (49, 311);
INSERT INTO molecule (mo_id, mo_dci, mo_skeletal_formula, mo_ntr, mo_difficulty, mo_system, mo_class) VALUES (50, 'PHENOXYMETHYLPENICILLINE', '', 0, 'EASY', 3, 23);
INSERT INTO molecule_property (mo_id, pv_id) VALUES (50, 311);
INSERT INTO molecule (mo_id, mo_dci, mo_skeletal_formula, mo_ntr, mo_difficulty, mo_system, mo_class) VALUES (51, 'PIPERACILLINE', '', 0, 'EASY', 3, 24);
INSERT INTO molecule_property (mo_id, pv_id) VALUES (51, 311);
INSERT INTO molecule (mo_id, mo_dci, mo_skeletal_formula, mo_ntr, mo_difficulty, mo_system, mo_class) VALUES (52, 'PIVMECILLINAM', '', 0, 'EASY', 3, 25);
INSERT INTO molecule_property (mo_id, pv_id) VALUES (52, 311);
INSERT INTO molecule (mo_id, mo_dci, mo_skeletal_formula, mo_ntr, mo_difficulty, mo_system, mo_class) VALUES (53, 'TEMOCILLINE', '', 0, 'EASY', 3, 25);
INSERT INTO molecule_property (mo_id, pv_id) VALUES (53, 311);
INSERT INTO molecule (mo_id, mo_dci, mo_skeletal_formula, mo_ntr, mo_difficulty, mo_system, mo_class) VALUES (54, 'TICARCILLINE', '', 0, 'EASY', 3, 26);
INSERT INTO molecule_property (mo_id, pv_id) VALUES (54, 311);
INSERT INTO molecule (mo_id, mo_dci, mo_skeletal_formula, mo_ntr, mo_difficulty, mo_system, mo_class) VALUES (55, 'ACIDE CLAVULANIQUE', '', 0, 'EASY', 3, 27);
INSERT INTO molecule_property (mo_id, pv_id) VALUES (55, 311);
INSERT INTO molecule (mo_id, mo_dci, mo_skeletal_formula, mo_ntr, mo_difficulty, mo_system, mo_class) VALUES (56, 'SULBACTAM', '', 0, 'EASY', 3, 27);
INSERT INTO molecule_property (mo_id, pv_id) VALUES (56, 311);
INSERT INTO molecule (mo_id, mo_dci, mo_skeletal_formula, mo_ntr, mo_difficulty, mo_system, mo_class) VALUES (57, 'TAZOBACTAM', '', 0, 'EASY', 3, 27);
INSERT INTO molecule_property (mo_id, pv_id) VALUES (57, 311);
INSERT INTO molecule (mo_id, mo_dci, mo_skeletal_formula, mo_ntr, mo_difficulty, mo_system, mo_class) VALUES (58, 'AVIBACTAM', '', 0, 'EASY', 3, 27);
INSERT INTO molecule_property (mo_id, pv_id) VALUES (58, 311);
INSERT INTO molecule (mo_id, mo_dci, mo_skeletal_formula, mo_ntr, mo_difficulty, mo_system, mo_class) VALUES (59, 'AZTREONAM', '', 0, 'EASY', 3, 28);
INSERT INTO molecule_property (mo_id, pv_id) VALUES (59, 311);
INSERT INTO molecule (mo_id, mo_dci, mo_skeletal_formula, mo_ntr, mo_difficulty, mo_system, mo_class) VALUES (60, 'ERTAPENEME', '', 0, 'EASY', 3, 29);
INSERT INTO molecule_property (mo_id, pv_id) VALUES (60, 311);
INSERT INTO molecule (mo_id, mo_dci, mo_skeletal_formula, mo_ntr, mo_difficulty, mo_system, mo_class) VALUES (61, 'MEROPENEME', '', 0, 'EASY', 3, 29);
INSERT INTO molecule_property (mo_id, pv_id) VALUES (61, 311);
INSERT INTO molecule (mo_id, mo_dci, mo_skeletal_formula, mo_ntr, mo_difficulty, mo_system, mo_class) VALUES (62, 'IMIPENEME', '', 0, 'EASY', 3, 29);
INSERT INTO molecule_property (mo_id, pv_id) VALUES (62, 311);
INSERT INTO molecule (mo_id, mo_dci, mo_skeletal_formula, mo_ntr, mo_difficulty, mo_system, mo_class) VALUES (63, 'CILASTATINE', '', 0, 'EASY', 3, 30);
INSERT INTO molecule_property (mo_id, pv_id) VALUES (63, 311);
INSERT INTO molecule (mo_id, mo_dci, mo_skeletal_formula, mo_ntr, mo_difficulty, mo_system, mo_class) VALUES (64, 'CEFACLOR', '', 0, 'EASY', 3, 32);
INSERT INTO molecule_property (mo_id, pv_id) VALUES (64, 311);
INSERT INTO molecule (mo_id, mo_dci, mo_skeletal_formula, mo_ntr, mo_difficulty, mo_system, mo_class) VALUES (65, 'CEFAZOLINE', '', 0, 'EASY', 3, 32);
INSERT INTO molecule_property (mo_id, pv_id) VALUES (65, 311);
INSERT INTO molecule (mo_id, mo_dci, mo_skeletal_formula, mo_ntr, mo_difficulty, mo_system, mo_class) VALUES (66, 'CEFAMANDOLE', '', 0, 'EASY', 3, 33);
INSERT INTO molecule_property (mo_id, pv_id) VALUES (66, 311);
INSERT INTO molecule (mo_id, mo_dci, mo_skeletal_formula, mo_ntr, mo_difficulty, mo_system, mo_class) VALUES (67, 'CEFOXITINE', '', 0, 'EASY', 3, 33);
INSERT INTO molecule_property (mo_id, pv_id) VALUES (67, 311);
INSERT INTO molecule (mo_id, mo_dci, mo_skeletal_formula, mo_ntr, mo_difficulty, mo_system, mo_class) VALUES (68, 'CEFUROXIME', '', 0, 'EASY', 3, 33);
INSERT INTO molecule_property (mo_id, pv_id) VALUES (68, 311);
INSERT INTO molecule (mo_id, mo_dci, mo_skeletal_formula, mo_ntr, mo_difficulty, mo_system, mo_class) VALUES (69, 'CEFIXIME', '', 0, 'EASY', 3, 34);
INSERT INTO molecule_property (mo_id, pv_id) VALUES (69, 311);
INSERT INTO molecule (mo_id, mo_dci, mo_skeletal_formula, mo_ntr, mo_difficulty, mo_system, mo_class) VALUES (70, 'CEFIDEROCOL', '', 0, 'EASY', 3, 34);
INSERT INTO molecule_property (mo_id, pv_id) VALUES (70, 311);
INSERT INTO molecule (mo_id, mo_dci, mo_skeletal_formula, mo_ntr, mo_difficulty, mo_system, mo_class) VALUES (71, 'CEFOTAXIME', '', 0, 'EASY', 3, 34);
INSERT INTO molecule_property (mo_id, pv_id) VALUES (71, 311);
INSERT INTO molecule (mo_id, mo_dci, mo_skeletal_formula, mo_ntr, mo_difficulty, mo_system, mo_class) VALUES (72, 'CEFPODOXIME', '', 0, 'EASY', 3, 34);
INSERT INTO molecule_property (mo_id, pv_id) VALUES (72, 311);
INSERT INTO molecule (mo_id, mo_dci, mo_skeletal_formula, mo_ntr, mo_difficulty, mo_system, mo_class) VALUES (73, 'CEFTAZIDIME', '', 0, 'EASY', 3, 34);
INSERT INTO molecule_property (mo_id, pv_id) VALUES (73, 311);
INSERT INTO molecule (mo_id, mo_dci, mo_skeletal_formula, mo_ntr, mo_difficulty, mo_system, mo_class) VALUES (74, 'CEFTRIAXONE', '', 0, 'EASY', 3, 34);
INSERT INTO molecule_property (mo_id, pv_id) VALUES (74, 311);
INSERT INTO molecule (mo_id, mo_dci, mo_skeletal_formula, mo_ntr, mo_difficulty, mo_system, mo_class) VALUES (75, 'CEFEPIME', '', 0, 'EASY', 3, 34);
INSERT INTO molecule_property (mo_id, pv_id) VALUES (75, 311);
INSERT INTO molecule (mo_id, mo_dci, mo_skeletal_formula, mo_ntr, mo_difficulty, mo_system, mo_class) VALUES (76, 'CEFTOLOZANE', '', 0, 'EASY', 3, 35);
INSERT INTO molecule_property (mo_id, pv_id) VALUES (76, 311);
INSERT INTO molecule (mo_id, mo_dci, mo_skeletal_formula, mo_ntr, mo_difficulty, mo_system, mo_class) VALUES (77, 'CEFTAROLINE', '', 0, 'EASY', 3, 35);
INSERT INTO molecule_property (mo_id, pv_id) VALUES (77, 311);
INSERT INTO molecule (mo_id, mo_dci, mo_skeletal_formula, mo_ntr, mo_difficulty, mo_system, mo_class) VALUES (78, 'CEFTOBIPROL', '', 0, 'EASY', 3, 35);
INSERT INTO molecule_property (mo_id, pv_id) VALUES (78, 311);
INSERT INTO molecule (mo_id, mo_dci, mo_skeletal_formula, mo_ntr, mo_difficulty, mo_system, mo_class) VALUES (79, 'DOXYCYCLINE', '', 0, 'EASY', 3, 36);
INSERT INTO molecule_property (mo_id, pv_id) VALUES (79, 311);
INSERT INTO molecule_property (mo_id, pv_id) VALUES (79, 312);
INSERT INTO molecule_property (mo_id, pv_id) VALUES (79, 13);
INSERT INTO molecule_property (mo_id, pv_id) VALUES (79, 14);
INSERT INTO molecule_property (mo_id, pv_id) VALUES (79, 15);
INSERT INTO molecule (mo_id, mo_dci, mo_skeletal_formula, mo_ntr, mo_difficulty, mo_system, mo_class) VALUES (80, 'LYMECYCLINE', '', 0, 'EASY', 3, 36);
INSERT INTO molecule_property (mo_id, pv_id) VALUES (80, 311);
INSERT INTO molecule_property (mo_id, pv_id) VALUES (80, 13);
INSERT INTO molecule_property (mo_id, pv_id) VALUES (80, 14);
INSERT INTO molecule_property (mo_id, pv_id) VALUES (80, 15);
INSERT INTO molecule (mo_id, mo_dci, mo_skeletal_formula, mo_ntr, mo_difficulty, mo_system, mo_class) VALUES (81, 'METHYLENECYCLINE', '', 0, 'EASY', 3, 36);
INSERT INTO molecule_property (mo_id, pv_id) VALUES (81, 311);
INSERT INTO molecule_property (mo_id, pv_id) VALUES (81, 13);
INSERT INTO molecule_property (mo_id, pv_id) VALUES (81, 14);
INSERT INTO molecule_property (mo_id, pv_id) VALUES (81, 15);
INSERT INTO molecule (mo_id, mo_dci, mo_skeletal_formula, mo_ntr, mo_difficulty, mo_system, mo_class) VALUES (82, 'MINOCYCLINE', '', 0, 'EASY', 3, 36);
INSERT INTO molecule_property (mo_id, pv_id) VALUES (82, 311);
INSERT INTO molecule_property (mo_id, pv_id) VALUES (82, 13);
INSERT INTO molecule_property (mo_id, pv_id) VALUES (82, 14);
INSERT INTO molecule_property (mo_id, pv_id) VALUES (82, 15);
INSERT INTO molecule (mo_id, mo_dci, mo_skeletal_formula, mo_ntr, mo_difficulty, mo_system, mo_class) VALUES (83, 'OXYTETRACYCLINE', '', 0, 'EASY', 3, 36);
INSERT INTO molecule_property (mo_id, pv_id) VALUES (83, 311);
INSERT INTO molecule_property (mo_id, pv_id) VALUES (83, 13);
INSERT INTO molecule_property (mo_id, pv_id) VALUES (83, 14);
INSERT INTO molecule_property (mo_id, pv_id) VALUES (83, 15);
INSERT INTO molecule (mo_id, mo_dci, mo_skeletal_formula, mo_ntr, mo_difficulty, mo_system, mo_class) VALUES (84, 'TIGECYCLINE', '', 0, 'EASY', 3, 36);
INSERT INTO molecule_property (mo_id, pv_id) VALUES (84, 311);
INSERT INTO molecule_property (mo_id, pv_id) VALUES (84, 13);
INSERT INTO molecule_property (mo_id, pv_id) VALUES (84, 14);
INSERT INTO molecule_property (mo_id, pv_id) VALUES (84, 15);
INSERT INTO molecule (mo_id, mo_dci, mo_skeletal_formula, mo_ntr, mo_difficulty, mo_system, mo_class) VALUES (85, 'AMIKACINE', '', 0, 'EASY', 3, 37);
INSERT INTO molecule_property (mo_id, pv_id) VALUES (85, 311);
INSERT INTO molecule_property (mo_id, pv_id) VALUES (85, 12);
INSERT INTO molecule_property (mo_id, pv_id) VALUES (85, 16);
INSERT INTO molecule (mo_id, mo_dci, mo_skeletal_formula, mo_ntr, mo_difficulty, mo_system, mo_class) VALUES (86, 'GENTAMICINE', '', 0, 'EASY', 3, 37);
INSERT INTO molecule_property (mo_id, pv_id) VALUES (86, 311);
INSERT INTO molecule_property (mo_id, pv_id) VALUES (86, 12);
INSERT INTO molecule_property (mo_id, pv_id) VALUES (86, 16);
INSERT INTO molecule (mo_id, mo_dci, mo_skeletal_formula, mo_ntr, mo_difficulty, mo_system, mo_class) VALUES (87, 'STREPTOMYCINE', '', 0, 'EASY', 3, 37);
INSERT INTO molecule_property (mo_id, pv_id) VALUES (87, 311);
INSERT INTO molecule_property (mo_id, pv_id) VALUES (87, 12);
INSERT INTO molecule_property (mo_id, pv_id) VALUES (87, 16);
INSERT INTO molecule (mo_id, mo_dci, mo_skeletal_formula, mo_ntr, mo_difficulty, mo_system, mo_class) VALUES (88, 'TOBRAMYCINE', '', 0, 'EASY', 3, 37);
INSERT INTO molecule_property (mo_id, pv_id) VALUES (88, 311);
INSERT INTO molecule_property (mo_id, pv_id) VALUES (88, 12);
INSERT INTO molecule_property (mo_id, pv_id) VALUES (88, 16);
INSERT INTO molecule (mo_id, mo_dci, mo_skeletal_formula, mo_ntr, mo_difficulty, mo_system, mo_class) VALUES (89, 'FRAMYCETINE', '', 0, 'EASY', 3, 37);
INSERT INTO molecule_property (mo_id, pv_id) VALUES (89, 311);
INSERT INTO molecule_property (mo_id, pv_id) VALUES (89, 12);
INSERT INTO molecule_property (mo_id, pv_id) VALUES (89, 16);
INSERT INTO molecule (mo_id, mo_dci, mo_skeletal_formula, mo_ntr, mo_difficulty, mo_system, mo_class) VALUES (90, 'AZITHROMYCINE', '', 0, 'EASY', 3, 38);
INSERT INTO molecule_property (mo_id, pv_id) VALUES (90, 311);
INSERT INTO molecule_property (mo_id, pv_id) VALUES (90, 17);
INSERT INTO molecule (mo_id, mo_dci, mo_skeletal_formula, mo_ntr, mo_difficulty, mo_system, mo_class) VALUES (91, 'CLARITHROMYCINE', '', 0, 'EASY', 3, 38);
INSERT INTO molecule_property (mo_id, pv_id) VALUES (91, 311);
INSERT INTO molecule_property (mo_id, pv_id) VALUES (91, 17);
INSERT INTO molecule_property (mo_id, pv_id) VALUES (91, 21);
INSERT INTO molecule (mo_id, mo_dci, mo_skeletal_formula, mo_ntr, mo_difficulty, mo_system, mo_class) VALUES (92, 'ERYTHROMYCINE', '', 0, 'EASY', 3, 38);
INSERT INTO molecule_property (mo_id, pv_id) VALUES (92, 311);
INSERT INTO molecule_property (mo_id, pv_id) VALUES (92, 17);
INSERT INTO molecule_property (mo_id, pv_id) VALUES (92, 21);
INSERT INTO molecule (mo_id, mo_dci, mo_skeletal_formula, mo_ntr, mo_difficulty, mo_system, mo_class) VALUES (93, 'JOSAMYCINE', '', 0, 'EASY', 3, 38);
INSERT INTO molecule_property (mo_id, pv_id) VALUES (93, 311);
INSERT INTO molecule_property (mo_id, pv_id) VALUES (93, 17);
INSERT INTO molecule (mo_id, mo_dci, mo_skeletal_formula, mo_ntr, mo_difficulty, mo_system, mo_class) VALUES (94, 'ROXITHROMYCINE', '', 0, 'EASY', 3, 38);
INSERT INTO molecule_property (mo_id, pv_id) VALUES (94, 311);
INSERT INTO molecule_property (mo_id, pv_id) VALUES (94, 17);
INSERT INTO molecule (mo_id, mo_dci, mo_skeletal_formula, mo_ntr, mo_difficulty, mo_system, mo_class) VALUES (95, 'SPIRAMYCINE', '', 0, 'EASY', 3, 38);
INSERT INTO molecule_property (mo_id, pv_id) VALUES (95, 311);
INSERT INTO molecule_property (mo_id, pv_id) VALUES (95, 17);
INSERT INTO molecule (mo_id, mo_dci, mo_skeletal_formula, mo_ntr, mo_difficulty, mo_system, mo_class) VALUES (96, 'FIDAXOMICINE', '', 0, 'EASY', 3, 38);
INSERT INTO molecule_property (mo_id, pv_id) VALUES (96, 311);
INSERT INTO molecule_property (mo_id, pv_id) VALUES (96, 17);
INSERT INTO molecule (mo_id, mo_dci, mo_skeletal_formula, mo_ntr, mo_difficulty, mo_system, mo_class) VALUES (97, 'PRISTINAMYCINE', '', 0, 'EASY', 3, 38);
INSERT INTO molecule_property (mo_id, pv_id) VALUES (97, 311);
INSERT INTO molecule_property (mo_id, pv_id) VALUES (97, 17);
INSERT INTO molecule (mo_id, mo_dci, mo_skeletal_formula, mo_ntr, mo_difficulty, mo_system, mo_class) VALUES (98, 'DALBAVANCINE', '', 0, 'EASY', 3, 39);
INSERT INTO molecule_property (mo_id, pv_id) VALUES (98, 311);
INSERT INTO molecule_property (mo_id, pv_id) VALUES (98, 12);
INSERT INTO molecule_property (mo_id, pv_id) VALUES (98, 16);
INSERT INTO molecule (mo_id, mo_dci, mo_skeletal_formula, mo_ntr, mo_difficulty, mo_system, mo_class) VALUES (99, 'TEICOPLANINE', '', 0, 'EASY', 3, 39);
INSERT INTO molecule_property (mo_id, pv_id) VALUES (99, 311);
INSERT INTO molecule_property (mo_id, pv_id) VALUES (99, 12);
INSERT INTO molecule_property (mo_id, pv_id) VALUES (99, 16);
INSERT INTO molecule (mo_id, mo_dci, mo_skeletal_formula, mo_ntr, mo_difficulty, mo_system, mo_class) VALUES (100, 'VANCOMYCINE', '', 0, 'EASY', 3, 39);
INSERT INTO molecule_property (mo_id, pv_id) VALUES (100, 311);
INSERT INTO molecule_property (mo_id, pv_id) VALUES (100, 12);
INSERT INTO molecule_property (mo_id, pv_id) VALUES (100, 16);
INSERT INTO molecule (mo_id, mo_dci, mo_skeletal_formula, mo_ntr, mo_difficulty, mo_system, mo_class) VALUES (101, 'DAPTOMYCINE', '', 0, 'EASY', 3, 40);
INSERT INTO molecule_property (mo_id, pv_id) VALUES (101, 311);
INSERT INTO molecule (mo_id, mo_dci, mo_skeletal_formula, mo_ntr, mo_difficulty, mo_system, mo_class) VALUES (102, 'COLISTINE', '', 0, 'EASY', 3, 40);
INSERT INTO molecule_property (mo_id, pv_id) VALUES (102, 311);
INSERT INTO molecule (mo_id, mo_dci, mo_skeletal_formula, mo_ntr, mo_difficulty, mo_system, mo_class) VALUES (103, 'SULFADIAZINE', '', 0, 'EASY', 3, 41);
INSERT INTO molecule_property (mo_id, pv_id) VALUES (103, 311);
INSERT INTO molecule_property (mo_id, pv_id) VALUES (103, 313);
INSERT INTO molecule (mo_id, mo_dci, mo_skeletal_formula, mo_ntr, mo_difficulty, mo_system, mo_class) VALUES (104, 'SULFADOXINE', '', 0, 'EASY', 3, 41);
INSERT INTO molecule_property (mo_id, pv_id) VALUES (104, 311);
INSERT INTO molecule (mo_id, mo_dci, mo_skeletal_formula, mo_ntr, mo_difficulty, mo_system, mo_class) VALUES (105, 'SULFAMETHIZOL', '', 0, 'EASY', 3, 41);
INSERT INTO molecule_property (mo_id, pv_id) VALUES (105, 311);
INSERT INTO molecule (mo_id, mo_dci, mo_skeletal_formula, mo_ntr, mo_difficulty, mo_system, mo_class) VALUES (106, 'SULFAMETHOXAZOLE', '', 0, 'EASY', 3, 41);
INSERT INTO molecule_property (mo_id, pv_id) VALUES (106, 311);
INSERT INTO molecule (mo_id, mo_dci, mo_skeletal_formula, mo_ntr, mo_difficulty, mo_system, mo_class) VALUES (107, 'CIPROFLOXACINE', '', 0, 'EASY', 3, 42);
INSERT INTO molecule_property (mo_id, pv_id) VALUES (107, 311);
INSERT INTO molecule_property (mo_id, pv_id) VALUES (107, 18);
INSERT INTO molecule_property (mo_id, pv_id) VALUES (107, 17);
INSERT INTO molecule_property (mo_id, pv_id) VALUES (107, 22);
INSERT INTO molecule (mo_id, mo_dci, mo_skeletal_formula, mo_ntr, mo_difficulty, mo_system, mo_class) VALUES (108, 'ENOXACINE', '', 0, 'EASY', 3, 42);
INSERT INTO molecule_property (mo_id, pv_id) VALUES (108, 311);
INSERT INTO molecule_property (mo_id, pv_id) VALUES (108, 18);
INSERT INTO molecule_property (mo_id, pv_id) VALUES (108, 17);
INSERT INTO molecule_property (mo_id, pv_id) VALUES (108, 22);
INSERT INTO molecule (mo_id, mo_dci, mo_skeletal_formula, mo_ntr, mo_difficulty, mo_system, mo_class) VALUES (109, 'LEVOFLOXACINE', '', 0, 'EASY', 3, 42);
INSERT INTO molecule_property (mo_id, pv_id) VALUES (109, 311);
INSERT INTO molecule_property (mo_id, pv_id) VALUES (109, 18);
INSERT INTO molecule_property (mo_id, pv_id) VALUES (109, 17);
INSERT INTO molecule_property (mo_id, pv_id) VALUES (109, 22);
INSERT INTO molecule (mo_id, mo_dci, mo_skeletal_formula, mo_ntr, mo_difficulty, mo_system, mo_class) VALUES (110, 'LOMEFLOXACINE', '', 0, 'EASY', 3, 42);
INSERT INTO molecule_property (mo_id, pv_id) VALUES (110, 311);
INSERT INTO molecule_property (mo_id, pv_id) VALUES (110, 18);
INSERT INTO molecule_property (mo_id, pv_id) VALUES (110, 17);
INSERT INTO molecule_property (mo_id, pv_id) VALUES (110, 22);
INSERT INTO molecule (mo_id, mo_dci, mo_skeletal_formula, mo_ntr, mo_difficulty, mo_system, mo_class) VALUES (111, 'MOXIFLOXACINE', '', 0, 'EASY', 3, 42);
INSERT INTO molecule_property (mo_id, pv_id) VALUES (111, 311);
INSERT INTO molecule_property (mo_id, pv_id) VALUES (111, 18);
INSERT INTO molecule_property (mo_id, pv_id) VALUES (111, 17);
INSERT INTO molecule_property (mo_id, pv_id) VALUES (111, 22);
INSERT INTO molecule (mo_id, mo_dci, mo_skeletal_formula, mo_ntr, mo_difficulty, mo_system, mo_class) VALUES (112, 'NORFLOXACINE', '', 0, 'EASY', 3, 42);
INSERT INTO molecule_property (mo_id, pv_id) VALUES (112, 311);
INSERT INTO molecule_property (mo_id, pv_id) VALUES (112, 18);
INSERT INTO molecule_property (mo_id, pv_id) VALUES (112, 17);
INSERT INTO molecule_property (mo_id, pv_id) VALUES (112, 22);
INSERT INTO molecule (mo_id, mo_dci, mo_skeletal_formula, mo_ntr, mo_difficulty, mo_system, mo_class) VALUES (113, 'OFLOXACINE', '', 0, 'EASY', 3, 42);
INSERT INTO molecule_property (mo_id, pv_id) VALUES (113, 311);
INSERT INTO molecule_property (mo_id, pv_id) VALUES (113, 18);
INSERT INTO molecule_property (mo_id, pv_id) VALUES (113, 17);
INSERT INTO molecule_property (mo_id, pv_id) VALUES (113, 22);
INSERT INTO molecule (mo_id, mo_dci, mo_skeletal_formula, mo_ntr, mo_difficulty, mo_system, mo_class) VALUES (114, 'PEFLOXACINE', '', 0, 'EASY', 3, 42);
INSERT INTO molecule_property (mo_id, pv_id) VALUES (114, 311);
INSERT INTO molecule_property (mo_id, pv_id) VALUES (114, 18);
INSERT INTO molecule_property (mo_id, pv_id) VALUES (114, 17);
INSERT INTO molecule_property (mo_id, pv_id) VALUES (114, 22);
INSERT INTO molecule (mo_id, mo_dci, mo_skeletal_formula, mo_ntr, mo_difficulty, mo_system, mo_class) VALUES (115, 'CLINDAMYCINE', '', 0, 'EASY', 3, 43);
INSERT INTO molecule_property (mo_id, pv_id) VALUES (115, 311);
INSERT INTO molecule (mo_id, mo_dci, mo_skeletal_formula, mo_ntr, mo_difficulty, mo_system, mo_class) VALUES (116, 'LINCOMYCINE', '', 0, 'EASY', 3, 43);
INSERT INTO molecule_property (mo_id, pv_id) VALUES (116, 311);
INSERT INTO molecule (mo_id, mo_dci, mo_skeletal_formula, mo_ntr, mo_difficulty, mo_system, mo_class) VALUES (117, 'TEDIZOLIDE', '', 0, 'EASY', 3, 44);
INSERT INTO molecule_property (mo_id, pv_id) VALUES (117, 311);
INSERT INTO molecule (mo_id, mo_dci, mo_skeletal_formula, mo_ntr, mo_difficulty, mo_system, mo_class) VALUES (118, 'LINEZOLIDE', '', 0, 'EASY', 3, 44);
INSERT INTO molecule_property (mo_id, pv_id) VALUES (118, 311);
INSERT INTO molecule_property (mo_id, pv_id) VALUES (118, 19);
INSERT INTO molecule_property (mo_id, pv_id) VALUES (118, 110);
INSERT INTO molecule_property (mo_id, pv_id) VALUES (118, 23);
INSERT INTO molecule (mo_id, mo_dci, mo_skeletal_formula, mo_ntr, mo_difficulty, mo_system, mo_class) VALUES (119, 'THIAMPHENICOL', '', 0, 'EASY', 3, 45);
INSERT INTO molecule_property (mo_id, pv_id) VALUES (119, 311);
INSERT INTO molecule (mo_id, mo_dci, mo_skeletal_formula, mo_ntr, mo_difficulty, mo_system, mo_class) VALUES (120, 'FOSFOMYCINE', '', 0, 'EASY', 3, NULL);
INSERT INTO molecule_property (mo_id, pv_id) VALUES (120, 311);
INSERT INTO molecule (mo_id, mo_dci, mo_skeletal_formula, mo_ntr, mo_difficulty, mo_system, mo_class) VALUES (121, 'ACIDE FUSIDIQUE', '', 0, 'EASY', 3, NULL);
INSERT INTO molecule_property (mo_id, pv_id) VALUES (121, 311);
INSERT INTO molecule (mo_id, mo_dci, mo_skeletal_formula, mo_ntr, mo_difficulty, mo_system, mo_class) VALUES (122, 'ETHAMBUTOL', '', 0, 'EASY', 3, 46);
INSERT INTO molecule_property (mo_id, pv_id) VALUES (122, 314);
INSERT INTO molecule (mo_id, mo_dci, mo_skeletal_formula, mo_ntr, mo_difficulty, mo_system, mo_class) VALUES (123, 'ISONIAZIDE', '', 0, 'EASY', 3, 46);
INSERT INTO molecule_property (mo_id, pv_id) VALUES (123, 314);
INSERT INTO molecule (mo_id, mo_dci, mo_skeletal_formula, mo_ntr, mo_difficulty, mo_system, mo_class) VALUES (124, 'RIFABUTINE', '', 0, 'EASY', 3, 46);
INSERT INTO molecule_property (mo_id, pv_id) VALUES (124, 314);
INSERT INTO molecule (mo_id, mo_dci, mo_skeletal_formula, mo_ntr, mo_difficulty, mo_system, mo_class) VALUES (125, 'RIFAMPICINE', '', 0, 'EASY', 3, 46);
INSERT INTO molecule_property (mo_id, pv_id) VALUES (125, 314);
INSERT INTO molecule (mo_id, mo_dci, mo_skeletal_formula, mo_ntr, mo_difficulty, mo_system, mo_class) VALUES (126, 'PYRAZINAMIDE', '', 0, 'EASY', 3, 46);
INSERT INTO molecule_property (mo_id, pv_id) VALUES (126, 314);
INSERT INTO molecule (mo_id, mo_dci, mo_skeletal_formula, mo_ntr, mo_difficulty, mo_system, mo_class) VALUES (127, 'NIFUROXAZIDE', '', 0, 'EASY', 3, 47);
INSERT INTO molecule_property (mo_id, pv_id) VALUES (127, 311);
INSERT INTO molecule (mo_id, mo_dci, mo_skeletal_formula, mo_ntr, mo_difficulty, mo_system, mo_class) VALUES (128, 'NITROFURANTOÏNE', '', 0, 'EASY', 3, 47);
INSERT INTO molecule_property (mo_id, pv_id) VALUES (128, 311);
INSERT INTO molecule (mo_id, mo_dci, mo_skeletal_formula, mo_ntr, mo_difficulty, mo_system, mo_class) VALUES (129, 'NICLOSAMIDE', '', 0, 'EASY', 4, 48);
INSERT INTO molecule_property (mo_id, pv_id) VALUES (129, 315);
INSERT INTO molecule (mo_id, mo_dci, mo_skeletal_formula, mo_ntr, mo_difficulty, mo_system, mo_class) VALUES (130, 'PRAZIQUANTEL', '', 0, 'EASY', 4, 48);
INSERT INTO molecule_property (mo_id, pv_id) VALUES (130, 315);
INSERT INTO molecule (mo_id, mo_dci, mo_skeletal_formula, mo_ntr, mo_difficulty, mo_system, mo_class) VALUES (131, 'ALBENDAZOLE', '', 0, 'EASY', 4, 49);
INSERT INTO molecule_property (mo_id, pv_id) VALUES (131, 315);
INSERT INTO molecule (mo_id, mo_dci, mo_skeletal_formula, mo_ntr, mo_difficulty, mo_system, mo_class) VALUES (132, 'FLUBENDAZOLE', '', 0, 'EASY', 4, 49);
INSERT INTO molecule_property (mo_id, pv_id) VALUES (132, 315);
INSERT INTO molecule (mo_id, mo_dci, mo_skeletal_formula, mo_ntr, mo_difficulty, mo_system, mo_class) VALUES (133, 'TRICLABENDAZOLE', '', 0, 'EASY', 4, 49);
INSERT INTO molecule_property (mo_id, pv_id) VALUES (133, 315);
INSERT INTO molecule (mo_id, mo_dci, mo_skeletal_formula, mo_ntr, mo_difficulty, mo_system, mo_class) VALUES (134, 'DIETHYLCARBAMAZINE', '', 0, 'EASY', 4, NULL);
INSERT INTO molecule_property (mo_id, pv_id) VALUES (134, 315);
INSERT INTO molecule (mo_id, mo_dci, mo_skeletal_formula, mo_ntr, mo_difficulty, mo_system, mo_class) VALUES (135, 'IVERMECTINE', '', 0, 'EASY', 4, NULL);
INSERT INTO molecule_property (mo_id, pv_id) VALUES (135, 315);
INSERT INTO molecule (mo_id, mo_dci, mo_skeletal_formula, mo_ntr, mo_difficulty, mo_system, mo_class) VALUES (136, 'PYRANTEL', '', 0, 'EASY', 4, NULL);
INSERT INTO molecule_property (mo_id, pv_id) VALUES (136, 315);
INSERT INTO molecule (mo_id, mo_dci, mo_skeletal_formula, mo_ntr, mo_difficulty, mo_system, mo_class) VALUES (137, 'METRONIDAZOLE', '', 0, 'EASY', 4, 50);
INSERT INTO molecule_property (mo_id, pv_id) VALUES (137, 316);
INSERT INTO molecule_property (mo_id, pv_id) VALUES (137, 317);
INSERT INTO molecule (mo_id, mo_dci, mo_skeletal_formula, mo_ntr, mo_difficulty, mo_system, mo_class) VALUES (138, 'ORNIDAZOLE', '', 0, 'EASY', 4, 50);
INSERT INTO molecule_property (mo_id, pv_id) VALUES (138, 316);
INSERT INTO molecule_property (mo_id, pv_id) VALUES (138, 317);
INSERT INTO molecule (mo_id, mo_dci, mo_skeletal_formula, mo_ntr, mo_difficulty, mo_system, mo_class) VALUES (139, 'SECNIDAZOLE', '', 0, 'EASY', 4, 50);
INSERT INTO molecule_property (mo_id, pv_id) VALUES (139, 316);
INSERT INTO molecule_property (mo_id, pv_id) VALUES (139, 317);
INSERT INTO molecule (mo_id, mo_dci, mo_skeletal_formula, mo_ntr, mo_difficulty, mo_system, mo_class) VALUES (140, 'TINIDAZOLE', '', 0, 'EASY', 4, 50);
INSERT INTO molecule_property (mo_id, pv_id) VALUES (140, 316);
INSERT INTO molecule_property (mo_id, pv_id) VALUES (140, 317);
INSERT INTO molecule (mo_id, mo_dci, mo_skeletal_formula, mo_ntr, mo_difficulty, mo_system, mo_class) VALUES (141, 'amlodipine', '', 0, 'EASY', 6, 52);
INSERT INTO molecule_property (mo_id, pv_id) VALUES (141, 318);
INSERT INTO molecule_property (mo_id, pv_id) VALUES (141, 319);
INSERT INTO molecule_property (mo_id, pv_id) VALUES (141, 111);
INSERT INTO molecule_property (mo_id, pv_id) VALUES (141, 112);
INSERT INTO molecule_property (mo_id, pv_id) VALUES (141, 113);
INSERT INTO molecule_property (mo_id, pv_id) VALUES (141, 24);
INSERT INTO molecule (mo_id, mo_dci, mo_skeletal_formula, mo_ntr, mo_difficulty, mo_system, mo_class) VALUES (142, 'félodipine', '', 0, 'EASY', 5, 52);
INSERT INTO molecule_property (mo_id, pv_id) VALUES (142, 318);
INSERT INTO molecule_property (mo_id, pv_id) VALUES (142, 319);
INSERT INTO molecule_property (mo_id, pv_id) VALUES (142, 111);
INSERT INTO molecule_property (mo_id, pv_id) VALUES (142, 112);
INSERT INTO molecule_property (mo_id, pv_id) VALUES (142, 113);
INSERT INTO molecule_property (mo_id, pv_id) VALUES (142, 24);
INSERT INTO molecule (mo_id, mo_dci, mo_skeletal_formula, mo_ntr, mo_difficulty, mo_system, mo_class) VALUES (143, 'isradipine', '', 0, 'EASY', 5, 52);
INSERT INTO molecule_property (mo_id, pv_id) VALUES (143, 318);
INSERT INTO molecule_property (mo_id, pv_id) VALUES (143, 111);
INSERT INTO molecule_property (mo_id, pv_id) VALUES (143, 112);
INSERT INTO molecule_property (mo_id, pv_id) VALUES (143, 113);
INSERT INTO molecule (mo_id, mo_dci, mo_skeletal_formula, mo_ntr, mo_difficulty, mo_system, mo_class) VALUES (144, 'lercanidipine', '', 0, 'EASY', 5, 52);
INSERT INTO molecule_property (mo_id, pv_id) VALUES (144, 318);
INSERT INTO molecule_property (mo_id, pv_id) VALUES (144, 111);
INSERT INTO molecule_property (mo_id, pv_id) VALUES (144, 112);
INSERT INTO molecule_property (mo_id, pv_id) VALUES (144, 113);
INSERT INTO molecule_property (mo_id, pv_id) VALUES (144, 24);
INSERT INTO molecule (mo_id, mo_dci, mo_skeletal_formula, mo_ntr, mo_difficulty, mo_system, mo_class) VALUES (145, 'manidipine', '', 0, 'EASY', 5, 52);
INSERT INTO molecule_property (mo_id, pv_id) VALUES (145, 318);
INSERT INTO molecule_property (mo_id, pv_id) VALUES (145, 111);
INSERT INTO molecule_property (mo_id, pv_id) VALUES (145, 112);
INSERT INTO molecule_property (mo_id, pv_id) VALUES (145, 113);
INSERT INTO molecule_property (mo_id, pv_id) VALUES (145, 24);
INSERT INTO molecule (mo_id, mo_dci, mo_skeletal_formula, mo_ntr, mo_difficulty, mo_system, mo_class) VALUES (146, 'nicardipine', '', 0, 'EASY', 5, 52);
INSERT INTO molecule_property (mo_id, pv_id) VALUES (146, 318);
INSERT INTO molecule_property (mo_id, pv_id) VALUES (146, 111);
INSERT INTO molecule_property (mo_id, pv_id) VALUES (146, 112);
INSERT INTO molecule_property (mo_id, pv_id) VALUES (146, 113);
INSERT INTO molecule_property (mo_id, pv_id) VALUES (146, 24);
INSERT INTO molecule (mo_id, mo_dci, mo_skeletal_formula, mo_ntr, mo_difficulty, mo_system, mo_class) VALUES (147, 'nifédipine', '', 0, 'EASY', 5, 52);
INSERT INTO molecule_property (mo_id, pv_id) VALUES (147, 318);
INSERT INTO molecule_property (mo_id, pv_id) VALUES (147, 111);
INSERT INTO molecule_property (mo_id, pv_id) VALUES (147, 112);
INSERT INTO molecule_property (mo_id, pv_id) VALUES (147, 113);
INSERT INTO molecule_property (mo_id, pv_id) VALUES (147, 24);
INSERT INTO molecule (mo_id, mo_dci, mo_skeletal_formula, mo_ntr, mo_difficulty, mo_system, mo_class) VALUES (148, 'nitrendipine', '', 0, 'EASY', 5, 52);
INSERT INTO molecule_property (mo_id, pv_id) VALUES (148, 318);
INSERT INTO molecule_property (mo_id, pv_id) VALUES (148, 111);
INSERT INTO molecule_property (mo_id, pv_id) VALUES (148, 112);
INSERT INTO molecule_property (mo_id, pv_id) VALUES (148, 113);
INSERT INTO molecule_property (mo_id, pv_id) VALUES (148, 24);
INSERT INTO molecule (mo_id, mo_dci, mo_skeletal_formula, mo_ntr, mo_difficulty, mo_system, mo_class) VALUES (149, 'diltiazem', '', 0, 'EASY', 5, 54);
INSERT INTO molecule_property (mo_id, pv_id) VALUES (149, 318);
INSERT INTO molecule_property (mo_id, pv_id) VALUES (149, 320);
INSERT INTO molecule_property (mo_id, pv_id) VALUES (149, 319);
INSERT INTO molecule_property (mo_id, pv_id) VALUES (149, 114);
INSERT INTO molecule_property (mo_id, pv_id) VALUES (149, 112);
INSERT INTO molecule_property (mo_id, pv_id) VALUES (149, 111);
INSERT INTO molecule_property (mo_id, pv_id) VALUES (149, 25);
INSERT INTO molecule (mo_id, mo_dci, mo_skeletal_formula, mo_ntr, mo_difficulty, mo_system, mo_class) VALUES (150, 'verapamil', '', 0, 'EASY', 5, 54);
INSERT INTO molecule_property (mo_id, pv_id) VALUES (150, 318);
INSERT INTO molecule_property (mo_id, pv_id) VALUES (150, 320);
INSERT INTO molecule_property (mo_id, pv_id) VALUES (150, 319);
INSERT INTO molecule_property (mo_id, pv_id) VALUES (150, 114);
INSERT INTO molecule_property (mo_id, pv_id) VALUES (150, 112);
INSERT INTO molecule_property (mo_id, pv_id) VALUES (150, 111);
INSERT INTO molecule_property (mo_id, pv_id) VALUES (150, 26);
INSERT INTO molecule (mo_id, mo_dci, mo_skeletal_formula, mo_ntr, mo_difficulty, mo_system, mo_class) VALUES (151, 'candésartan', '', 0, 'EASY', 5, 55);
INSERT INTO molecule_property (mo_id, pv_id) VALUES (151, 318);
INSERT INTO molecule_property (mo_id, pv_id) VALUES (151, 321);
INSERT INTO molecule_property (mo_id, pv_id) VALUES (151, 115);
INSERT INTO molecule (mo_id, mo_dci, mo_skeletal_formula, mo_ntr, mo_difficulty, mo_system, mo_class) VALUES (152, 'éprosartan', '', 0, 'EASY', 5, 55);
INSERT INTO molecule_property (mo_id, pv_id) VALUES (152, 318);
INSERT INTO molecule_property (mo_id, pv_id) VALUES (152, 115);
INSERT INTO molecule_property (mo_id, pv_id) VALUES (152, 112);
INSERT INTO molecule (mo_id, mo_dci, mo_skeletal_formula, mo_ntr, mo_difficulty, mo_system, mo_class) VALUES (153, 'irbésartan', '', 0, 'EASY', 5, 55);
INSERT INTO molecule_property (mo_id, pv_id) VALUES (153, 318);
INSERT INTO molecule_property (mo_id, pv_id) VALUES (153, 115);
INSERT INTO molecule_property (mo_id, pv_id) VALUES (153, 11);
INSERT INTO molecule (mo_id, mo_dci, mo_skeletal_formula, mo_ntr, mo_difficulty, mo_system, mo_class) VALUES (154, 'losartan', '', 0, 'EASY', 5, 55);
INSERT INTO molecule_property (mo_id, pv_id) VALUES (154, 318);
INSERT INTO molecule_property (mo_id, pv_id) VALUES (154, 321);
INSERT INTO molecule_property (mo_id, pv_id) VALUES (154, 115);
INSERT INTO molecule (mo_id, mo_dci, mo_skeletal_formula, mo_ntr, mo_difficulty, mo_system, mo_class) VALUES (155, 'olmésartan', '', 0, 'EASY', 5, 55);
INSERT INTO molecule_property (mo_id, pv_id) VALUES (155, 318);
INSERT INTO molecule_property (mo_id, pv_id) VALUES (155, 115);
INSERT INTO molecule_property (mo_id, pv_id) VALUES (155, 112);
INSERT INTO molecule (mo_id, mo_dci, mo_skeletal_formula, mo_ntr, mo_difficulty, mo_system, mo_class) VALUES (156, 'telmisartan', '', 0, 'EASY', 5, 55);
INSERT INTO molecule_property (mo_id, pv_id) VALUES (156, 115);
INSERT INTO molecule (mo_id, mo_dci, mo_skeletal_formula, mo_ntr, mo_difficulty, mo_system, mo_class) VALUES (157, 'valsartan', '', 0, 'EASY', 5, 55);
INSERT INTO molecule_property (mo_id, pv_id) VALUES (157, 115);
INSERT INTO molecule (mo_id, mo_dci, mo_skeletal_formula, mo_ntr, mo_difficulty, mo_system, mo_class) VALUES (158, 'ambrisentan', '', 0, 'EASY', 5, 56);
INSERT INTO molecule_property (mo_id, pv_id) VALUES (158, 322);
INSERT INTO molecule (mo_id, mo_dci, mo_skeletal_formula, mo_ntr, mo_difficulty, mo_system, mo_class) VALUES (159, 'bosentan', '', 0, 'EASY', 5, 56);
INSERT INTO molecule_property (mo_id, pv_id) VALUES (159, 322);
INSERT INTO molecule (mo_id, mo_dci, mo_skeletal_formula, mo_ntr, mo_difficulty, mo_system, mo_class) VALUES (160, 'carteolol', '', 0, 'EASY', 5, 58);
INSERT INTO molecule_property (mo_id, pv_id) VALUES (160, 318);
INSERT INTO molecule_property (mo_id, pv_id) VALUES (160, 114);
INSERT INTO molecule (mo_id, mo_dci, mo_skeletal_formula, mo_ntr, mo_difficulty, mo_system, mo_class) VALUES (161, 'pindolol', '', 0, 'EASY', 5, 58);
INSERT INTO molecule_property (mo_id, pv_id) VALUES (161, 318);
INSERT INTO molecule_property (mo_id, pv_id) VALUES (161, 114);
INSERT INTO molecule (mo_id, mo_dci, mo_skeletal_formula, mo_ntr, mo_difficulty, mo_system, mo_class) VALUES (162, 'sotalol', '', 0, 'EASY', 5, 58);
INSERT INTO molecule_property (mo_id, pv_id) VALUES (162, 323);
INSERT INTO molecule_property (mo_id, pv_id) VALUES (162, 114);
INSERT INTO molecule_property (mo_id, pv_id) VALUES (162, 116);
INSERT INTO molecule (mo_id, mo_dci, mo_skeletal_formula, mo_ntr, mo_difficulty, mo_system, mo_class) VALUES (163, 'tertatolol', '', 0, 'EASY', 5, 58);
INSERT INTO molecule_property (mo_id, pv_id) VALUES (163, 318);
INSERT INTO molecule_property (mo_id, pv_id) VALUES (163, 114);
INSERT INTO molecule (mo_id, mo_dci, mo_skeletal_formula, mo_ntr, mo_difficulty, mo_system, mo_class) VALUES (164, 'timolol', '', 0, 'EASY', 5, 58);
INSERT INTO molecule_property (mo_id, pv_id) VALUES (164, 318);
INSERT INTO molecule_property (mo_id, pv_id) VALUES (164, 114);
INSERT INTO molecule (mo_id, mo_dci, mo_skeletal_formula, mo_ntr, mo_difficulty, mo_system, mo_class) VALUES (165, 'levobunolol', '', 0, 'EASY', 5, 58);
INSERT INTO molecule_property (mo_id, pv_id) VALUES (165, 318);
INSERT INTO molecule_property (mo_id, pv_id) VALUES (165, 114);
INSERT INTO molecule (mo_id, mo_dci, mo_skeletal_formula, mo_ntr, mo_difficulty, mo_system, mo_class) VALUES (166, 'nébivolol', '', 0, 'EASY', 5, 58);
INSERT INTO molecule_property (mo_id, pv_id) VALUES (166, 318);
INSERT INTO molecule_property (mo_id, pv_id) VALUES (166, 321);
INSERT INTO molecule_property (mo_id, pv_id) VALUES (166, 114);
INSERT INTO molecule (mo_id, mo_dci, mo_skeletal_formula, mo_ntr, mo_difficulty, mo_system, mo_class) VALUES (167, 'labétalol', '', 0, 'EASY', 5, 59);
INSERT INTO molecule_property (mo_id, pv_id) VALUES (167, 318);
INSERT INTO molecule_property (mo_id, pv_id) VALUES (167, 114);
INSERT INTO molecule (mo_id, mo_dci, mo_skeletal_formula, mo_ntr, mo_difficulty, mo_system, mo_class) VALUES (168, 'carvédilol', '', 0, 'EASY', 5, 59);
INSERT INTO molecule_property (mo_id, pv_id) VALUES (168, 318);
INSERT INTO molecule_property (mo_id, pv_id) VALUES (168, 321);
INSERT INTO molecule_property (mo_id, pv_id) VALUES (168, 114);
INSERT INTO molecule (mo_id, mo_dci, mo_skeletal_formula, mo_ntr, mo_difficulty, mo_system, mo_class) VALUES (169, 'acébutolol', '', 0, 'EASY', 5, 61);
INSERT INTO molecule_property (mo_id, pv_id) VALUES (169, 318);
INSERT INTO molecule_property (mo_id, pv_id) VALUES (169, 323);
INSERT INTO molecule_property (mo_id, pv_id) VALUES (169, 114);
INSERT INTO molecule (mo_id, mo_dci, mo_skeletal_formula, mo_ntr, mo_difficulty, mo_system, mo_class) VALUES (170, 'aténolol', '', 0, 'EASY', 5, 61);
INSERT INTO molecule_property (mo_id, pv_id) VALUES (170, 318);
INSERT INTO molecule_property (mo_id, pv_id) VALUES (170, 323);
INSERT INTO molecule_property (mo_id, pv_id) VALUES (170, 114);
INSERT INTO molecule (mo_id, mo_dci, mo_skeletal_formula, mo_ntr, mo_difficulty, mo_system, mo_class) VALUES (171, 'bétaxolol', '', 0, 'EASY', 5, 60);
INSERT INTO molecule_property (mo_id, pv_id) VALUES (171, 318);
INSERT INTO molecule_property (mo_id, pv_id) VALUES (171, 114);
INSERT INTO molecule (mo_id, mo_dci, mo_skeletal_formula, mo_ntr, mo_difficulty, mo_system, mo_class) VALUES (172, 'bisoprolol', '', 0, 'EASY', 5, 60);
INSERT INTO molecule_property (mo_id, pv_id) VALUES (172, 318);
INSERT INTO molecule_property (mo_id, pv_id) VALUES (172, 321);
INSERT INTO molecule_property (mo_id, pv_id) VALUES (172, 114);
INSERT INTO molecule (mo_id, mo_dci, mo_skeletal_formula, mo_ntr, mo_difficulty, mo_system, mo_class) VALUES (173, 'céliprolol', '', 0, 'EASY', 5, 60);
INSERT INTO molecule_property (mo_id, pv_id) VALUES (173, 318);
INSERT INTO molecule_property (mo_id, pv_id) VALUES (173, 114);
INSERT INTO molecule (mo_id, mo_dci, mo_skeletal_formula, mo_ntr, mo_difficulty, mo_system, mo_class) VALUES (174, 'esmolol', '', 0, 'EASY', 5, 60);
INSERT INTO molecule_property (mo_id, pv_id) VALUES (174, 318);
INSERT INTO molecule_property (mo_id, pv_id) VALUES (174, 114);
INSERT INTO molecule (mo_id, mo_dci, mo_skeletal_formula, mo_ntr, mo_difficulty, mo_system, mo_class) VALUES (175, 'bumétanide', '', 0, 'EASY', 5, 63);
INSERT INTO molecule_property (mo_id, pv_id) VALUES (175, 117);
INSERT INTO molecule_property (mo_id, pv_id) VALUES (175, 118);
INSERT INTO molecule (mo_id, mo_dci, mo_skeletal_formula, mo_ntr, mo_difficulty, mo_system, mo_class) VALUES (176, 'furosémide', '', 0, 'EASY', 5, 63);
INSERT INTO molecule_property (mo_id, pv_id) VALUES (176, 117);
INSERT INTO molecule_property (mo_id, pv_id) VALUES (176, 118);
INSERT INTO molecule_property (mo_id, pv_id) VALUES (176, 119);
INSERT INTO molecule (mo_id, mo_dci, mo_skeletal_formula, mo_ntr, mo_difficulty, mo_system, mo_class) VALUES (177, 'pirétanide', '', 0, 'EASY', 5, 63);
INSERT INTO molecule_property (mo_id, pv_id) VALUES (177, 117);
INSERT INTO molecule_property (mo_id, pv_id) VALUES (177, 118);
INSERT INTO molecule_property (mo_id, pv_id) VALUES (177, 119);
INSERT INTO molecule (mo_id, mo_dci, mo_skeletal_formula, mo_ntr, mo_difficulty, mo_system, mo_class) VALUES (178, 'altizide', '', 0, 'EASY', 5, 64);
INSERT INTO molecule_property (mo_id, pv_id) VALUES (178, 117);
INSERT INTO molecule_property (mo_id, pv_id) VALUES (178, 118);
INSERT INTO molecule (mo_id, mo_dci, mo_skeletal_formula, mo_ntr, mo_difficulty, mo_system, mo_class) VALUES (179, 'bendrofluméthiazide', '', 0, 'EASY', 5, 64);
INSERT INTO molecule_property (mo_id, pv_id) VALUES (179, 117);
INSERT INTO molecule_property (mo_id, pv_id) VALUES (179, 118);
INSERT INTO molecule (mo_id, mo_dci, mo_skeletal_formula, mo_ntr, mo_difficulty, mo_system, mo_class) VALUES (180, 'chlortalidone', '', 0, 'EASY', 5, 64);
INSERT INTO molecule_property (mo_id, pv_id) VALUES (180, 117);
INSERT INTO molecule_property (mo_id, pv_id) VALUES (180, 118);
INSERT INTO molecule (mo_id, mo_dci, mo_skeletal_formula, mo_ntr, mo_difficulty, mo_system, mo_class) VALUES (181, 'ciclétanine', '', 0, 'EASY', 5, 64);
INSERT INTO molecule_property (mo_id, pv_id) VALUES (181, 117);
INSERT INTO molecule_property (mo_id, pv_id) VALUES (181, 118);
INSERT INTO molecule (mo_id, mo_dci, mo_skeletal_formula, mo_ntr, mo_difficulty, mo_system, mo_class) VALUES (182, 'clopamide', '', 0, 'EASY', 5, 64);
INSERT INTO molecule_property (mo_id, pv_id) VALUES (182, 117);
INSERT INTO molecule_property (mo_id, pv_id) VALUES (182, 118);
INSERT INTO molecule (mo_id, mo_dci, mo_skeletal_formula, mo_ntr, mo_difficulty, mo_system, mo_class) VALUES (183, 'hydrochlorothiazide', '', 0, 'EASY', 5, 64);
INSERT INTO molecule_property (mo_id, pv_id) VALUES (183, 117);
INSERT INTO molecule_property (mo_id, pv_id) VALUES (183, 118);
INSERT INTO molecule (mo_id, mo_dci, mo_skeletal_formula, mo_ntr, mo_difficulty, mo_system, mo_class) VALUES (184, 'indapamide', '', 0, 'EASY', 5, 64);
INSERT INTO molecule_property (mo_id, pv_id) VALUES (184, 117);
INSERT INTO molecule_property (mo_id, pv_id) VALUES (184, 118);
INSERT INTO molecule (mo_id, mo_dci, mo_skeletal_formula, mo_ntr, mo_difficulty, mo_system, mo_class) VALUES (185, 'méthyclothiazide', '', 0, 'EASY', 5, 64);
INSERT INTO molecule_property (mo_id, pv_id) VALUES (185, 117);
INSERT INTO molecule_property (mo_id, pv_id) VALUES (185, 118);
INSERT INTO molecule (mo_id, mo_dci, mo_skeletal_formula, mo_ntr, mo_difficulty, mo_system, mo_class) VALUES (186, 'amiloride', '', 0, 'EASY', 5, 65);
INSERT INTO molecule_property (mo_id, pv_id) VALUES (186, 115);
INSERT INTO molecule_property (mo_id, pv_id) VALUES (186, 118);
INSERT INTO molecule (mo_id, mo_dci, mo_skeletal_formula, mo_ntr, mo_difficulty, mo_system, mo_class) VALUES (187, 'canrénoate de potassium', '', 0, 'EASY', 5, 65);
INSERT INTO molecule_property (mo_id, pv_id) VALUES (187, 115);
INSERT INTO molecule_property (mo_id, pv_id) VALUES (187, 118);
INSERT INTO molecule (mo_id, mo_dci, mo_skeletal_formula, mo_ntr, mo_difficulty, mo_system, mo_class) VALUES (188, 'éplérenone', '', 0, 'EASY', 5, 65);
INSERT INTO molecule_property (mo_id, pv_id) VALUES (188, 115);
INSERT INTO molecule_property (mo_id, pv_id) VALUES (188, 118);
INSERT INTO molecule (mo_id, mo_dci, mo_skeletal_formula, mo_ntr, mo_difficulty, mo_system, mo_class) VALUES (189, 'spironolactone', '', 0, 'EASY', 5, 65);
INSERT INTO molecule_property (mo_id, pv_id) VALUES (189, 115);
INSERT INTO molecule_property (mo_id, pv_id) VALUES (189, 118);
INSERT INTO molecule (mo_id, mo_dci, mo_skeletal_formula, mo_ntr, mo_difficulty, mo_system, mo_class) VALUES (190, 'triamtérène', '', 0, 'EASY', 5, 65);
INSERT INTO molecule_property (mo_id, pv_id) VALUES (190, 115);
INSERT INTO molecule_property (mo_id, pv_id) VALUES (190, 118);
INSERT INTO molecule (mo_id, mo_dci, mo_skeletal_formula, mo_ntr, mo_difficulty, mo_system, mo_class) VALUES (191, 'benazépril', '', 0, 'EASY', 5, 66);
INSERT INTO molecule_property (mo_id, pv_id) VALUES (191, 115);
INSERT INTO molecule_property (mo_id, pv_id) VALUES (191, 120);
INSERT INTO molecule_property (mo_id, pv_id) VALUES (191, 111);
INSERT INTO molecule (mo_id, mo_dci, mo_skeletal_formula, mo_ntr, mo_difficulty, mo_system, mo_class) VALUES (192, 'captopril', '', 0, 'EASY', 5, 66);
INSERT INTO molecule_property (mo_id, pv_id) VALUES (192, 115);
INSERT INTO molecule_property (mo_id, pv_id) VALUES (192, 120);
INSERT INTO molecule_property (mo_id, pv_id) VALUES (192, 111);
INSERT INTO molecule (mo_id, mo_dci, mo_skeletal_formula, mo_ntr, mo_difficulty, mo_system, mo_class) VALUES (193, 'énalapril', '', 0, 'EASY', 5, 66);
INSERT INTO molecule_property (mo_id, pv_id) VALUES (193, 115);
INSERT INTO molecule_property (mo_id, pv_id) VALUES (193, 120);
INSERT INTO molecule_property (mo_id, pv_id) VALUES (193, 111);
INSERT INTO molecule (mo_id, mo_dci, mo_skeletal_formula, mo_ntr, mo_difficulty, mo_system, mo_class) VALUES (194, 'fosinopril', '', 0, 'EASY', 5, 66);
INSERT INTO molecule_property (mo_id, pv_id) VALUES (194, 115);
INSERT INTO molecule_property (mo_id, pv_id) VALUES (194, 120);
INSERT INTO molecule_property (mo_id, pv_id) VALUES (194, 111);
INSERT INTO molecule (mo_id, mo_dci, mo_skeletal_formula, mo_ntr, mo_difficulty, mo_system, mo_class) VALUES (195, 'lisinopril', '', 0, 'EASY', 5, 66);
INSERT INTO molecule_property (mo_id, pv_id) VALUES (195, 115);
INSERT INTO molecule_property (mo_id, pv_id) VALUES (195, 120);
INSERT INTO molecule_property (mo_id, pv_id) VALUES (195, 111);
INSERT INTO molecule (mo_id, mo_dci, mo_skeletal_formula, mo_ntr, mo_difficulty, mo_system, mo_class) VALUES (196, 'périndopril', '', 0, 'EASY', 5, 66);
INSERT INTO molecule_property (mo_id, pv_id) VALUES (196, 115);
INSERT INTO molecule_property (mo_id, pv_id) VALUES (196, 120);
INSERT INTO molecule_property (mo_id, pv_id) VALUES (196, 111);
INSERT INTO molecule (mo_id, mo_dci, mo_skeletal_formula, mo_ntr, mo_difficulty, mo_system, mo_class) VALUES (197, 'quinapril', '', 0, 'EASY', 5, 66);
INSERT INTO molecule_property (mo_id, pv_id) VALUES (197, 115);
INSERT INTO molecule_property (mo_id, pv_id) VALUES (197, 120);
INSERT INTO molecule_property (mo_id, pv_id) VALUES (197, 111);
INSERT INTO molecule (mo_id, mo_dci, mo_skeletal_formula, mo_ntr, mo_difficulty, mo_system, mo_class) VALUES (198, 'ramipril', '', 0, 'EASY', 5, 66);
INSERT INTO molecule_property (mo_id, pv_id) VALUES (198, 115);
INSERT INTO molecule_property (mo_id, pv_id) VALUES (198, 120);
INSERT INTO molecule_property (mo_id, pv_id) VALUES (198, 111);
INSERT INTO molecule (mo_id, mo_dci, mo_skeletal_formula, mo_ntr, mo_difficulty, mo_system, mo_class) VALUES (199, 'trandolapril', '', 0, 'EASY', 5, 66);
INSERT INTO molecule_property (mo_id, pv_id) VALUES (199, 115);
INSERT INTO molecule_property (mo_id, pv_id) VALUES (199, 120);
INSERT INTO molecule_property (mo_id, pv_id) VALUES (199, 111);
INSERT INTO molecule (mo_id, mo_dci, mo_skeletal_formula, mo_ntr, mo_difficulty, mo_system, mo_class) VALUES (200, 'zofénopril', '', 0, 'EASY', 5, 66);
INSERT INTO molecule_property (mo_id, pv_id) VALUES (200, 115);
INSERT INTO molecule_property (mo_id, pv_id) VALUES (200, 120);
INSERT INTO molecule_property (mo_id, pv_id) VALUES (200, 111);
INSERT INTO molecule (mo_id, mo_dci, mo_skeletal_formula, mo_ntr, mo_difficulty, mo_system, mo_class) VALUES (201, 'prazosine', '', 0, 'EASY', 5, 67);
INSERT INTO molecule_property (mo_id, pv_id) VALUES (201, 11);
INSERT INTO molecule (mo_id, mo_dci, mo_skeletal_formula, mo_ntr, mo_difficulty, mo_system, mo_class) VALUES (202, 'urapidil', '', 0, 'EASY', 5, 67);
INSERT INTO molecule (mo_id, mo_dci, mo_skeletal_formula, mo_ntr, mo_difficulty, mo_system, mo_class) VALUES (203, 'clonidine', '', 0, 'EASY', 5, 68);
INSERT INTO molecule_property (mo_id, pv_id) VALUES (203, 114);
INSERT INTO molecule_property (mo_id, pv_id) VALUES (203, 121);
INSERT INTO molecule (mo_id, mo_dci, mo_skeletal_formula, mo_ntr, mo_difficulty, mo_system, mo_class) VALUES (204, 'méthyldopa', '', 0, 'EASY', 5, 68);
INSERT INTO molecule_property (mo_id, pv_id) VALUES (204, 121);
INSERT INTO molecule (mo_id, mo_dci, mo_skeletal_formula, mo_ntr, mo_difficulty, mo_system, mo_class) VALUES (205, 'moxonidine', '', 0, 'EASY', 5, 68);
INSERT INTO molecule_property (mo_id, pv_id) VALUES (205, 121);
INSERT INTO molecule (mo_id, mo_dci, mo_skeletal_formula, mo_ntr, mo_difficulty, mo_system, mo_class) VALUES (206, 'rilmenidine', '', 0, 'EASY', 5, 68);
INSERT INTO molecule_property (mo_id, pv_id) VALUES (206, 121);
INSERT INTO molecule (mo_id, mo_dci, mo_skeletal_formula, mo_ntr, mo_difficulty, mo_system, mo_class) VALUES (207, 'quinidine', '', 0, 'EASY', 5, 70);
INSERT INTO molecule_property (mo_id, pv_id) VALUES (207, 116);
INSERT INTO molecule_property (mo_id, pv_id) VALUES (207, 114);
INSERT INTO molecule_property (mo_id, pv_id) VALUES (207, 122);
INSERT INTO molecule (mo_id, mo_dci, mo_skeletal_formula, mo_ntr, mo_difficulty, mo_system, mo_class) VALUES (208, 'hydroquinidine', '', 0, 'EASY', 5, 70);
INSERT INTO molecule_property (mo_id, pv_id) VALUES (208, 116);
INSERT INTO molecule_property (mo_id, pv_id) VALUES (208, 114);
INSERT INTO molecule_property (mo_id, pv_id) VALUES (208, 122);
INSERT INTO molecule (mo_id, mo_dci, mo_skeletal_formula, mo_ntr, mo_difficulty, mo_system, mo_class) VALUES (209, 'disopyramide', '', 0, 'EASY', 5, 70);
INSERT INTO molecule_property (mo_id, pv_id) VALUES (209, 116);
INSERT INTO molecule_property (mo_id, pv_id) VALUES (209, 114);
INSERT INTO molecule_property (mo_id, pv_id) VALUES (209, 122);
INSERT INTO molecule (mo_id, mo_dci, mo_skeletal_formula, mo_ntr, mo_difficulty, mo_system, mo_class) VALUES (210, 'lidocaïne', '', 0, 'EASY', 5, 70);
INSERT INTO molecule (mo_id, mo_dci, mo_skeletal_formula, mo_ntr, mo_difficulty, mo_system, mo_class) VALUES (211, 'flécaïnide', '', 0, 'EASY', 5, 70);
INSERT INTO molecule (mo_id, mo_dci, mo_skeletal_formula, mo_ntr, mo_difficulty, mo_system, mo_class) VALUES (212, 'propafénone', '', 0, 'EASY', 5, 70);
INSERT INTO molecule (mo_id, mo_dci, mo_skeletal_formula, mo_ntr, mo_difficulty, mo_system, mo_class) VALUES (213, 'amiodarone', '', 0, 'EASY', 5, 71);
INSERT INTO molecule_property (mo_id, pv_id) VALUES (213, 116);
INSERT INTO molecule_property (mo_id, pv_id) VALUES (213, 114);
INSERT INTO molecule (mo_id, mo_dci, mo_skeletal_formula, mo_ntr, mo_difficulty, mo_system, mo_class) VALUES (214, 'dronédarone', '', 0, 'EASY', 5, 71);
INSERT INTO molecule_property (mo_id, pv_id) VALUES (214, 116);
INSERT INTO molecule_property (mo_id, pv_id) VALUES (214, 114);
INSERT INTO molecule (mo_id, mo_dci, mo_skeletal_formula, mo_ntr, mo_difficulty, mo_system, mo_class) VALUES (215, 'digoxine', '', 0, 'EASY', 5, 72);
INSERT INTO molecule_property (mo_id, pv_id) VALUES (215, 114);
INSERT INTO molecule (mo_id, mo_dci, mo_skeletal_formula, mo_ntr, mo_difficulty, mo_system, mo_class) VALUES (216, 'dinitrate d\'isosorbide', '', 0, 'EASY', 5, 73);
INSERT INTO molecule_property (mo_id, pv_id) VALUES (216, 319);
INSERT INTO molecule_property (mo_id, pv_id) VALUES (216, 11);
INSERT INTO molecule (mo_id, mo_dci, mo_skeletal_formula, mo_ntr, mo_difficulty, mo_system, mo_class) VALUES (217, 'molsidomine', '', 0, 'EASY', 5, 73);
INSERT INTO molecule_property (mo_id, pv_id) VALUES (217, 319);
INSERT INTO molecule_property (mo_id, pv_id) VALUES (217, 11);
INSERT INTO molecule (mo_id, mo_dci, mo_skeletal_formula, mo_ntr, mo_difficulty, mo_system, mo_class) VALUES (218, 'nicorandil', '', 0, 'EASY', 5, 73);
INSERT INTO molecule_property (mo_id, pv_id) VALUES (218, 319);
INSERT INTO molecule (mo_id, mo_dci, mo_skeletal_formula, mo_ntr, mo_difficulty, mo_system, mo_class) VALUES (219, 'trinitrine', '', 0, 'EASY', 5, 73);
INSERT INTO molecule_property (mo_id, pv_id) VALUES (219, 319);
INSERT INTO molecule_property (mo_id, pv_id) VALUES (219, 11);
INSERT INTO molecule (mo_id, mo_dci, mo_skeletal_formula, mo_ntr, mo_difficulty, mo_system, mo_class) VALUES (220, 'étiléfrine', '', 0, 'EASY', 5, 75);
INSERT INTO molecule (mo_id, mo_dci, mo_skeletal_formula, mo_ntr, mo_difficulty, mo_system, mo_class) VALUES (221, 'midodrine', '', 0, 'EASY', 5, 75);
INSERT INTO molecule_property (mo_id, pv_id) VALUES (221, 114);
INSERT INTO molecule (mo_id, mo_dci, mo_skeletal_formula, mo_ntr, mo_difficulty, mo_system, mo_class) VALUES (222, 'naphazoline', '', 0, 'EASY', 5, 75);
INSERT INTO molecule (mo_id, mo_dci, mo_skeletal_formula, mo_ntr, mo_difficulty, mo_system, mo_class) VALUES (223, 'oxymétazoline', '', 0, 'EASY', 5, 75);
INSERT INTO molecule (mo_id, mo_dci, mo_skeletal_formula, mo_ntr, mo_difficulty, mo_system, mo_class) VALUES (224, 'phényléphrine', '', 0, 'EASY', 5, 75);
INSERT INTO molecule (mo_id, mo_dci, mo_skeletal_formula, mo_ntr, mo_difficulty, mo_system, mo_class) VALUES (225, 'pseudoéphédrine', '', 0, 'EASY', 5, 75);
INSERT INTO molecule (mo_id, mo_dci, mo_skeletal_formula, mo_ntr, mo_difficulty, mo_system, mo_class) VALUES (226, 'adrénaline', '', 0, 'EASY', 5, 76);
INSERT INTO molecule (mo_id, mo_dci, mo_skeletal_formula, mo_ntr, mo_difficulty, mo_system, mo_class) VALUES (227, 'dopamine', '', 0, 'EASY', 5, 76);
INSERT INTO molecule (mo_id, mo_dci, mo_skeletal_formula, mo_ntr, mo_difficulty, mo_system, mo_class) VALUES (228, 'noradrénaline', '', 0, 'EASY', 5, 76);
INSERT INTO molecule (mo_id, mo_dci, mo_skeletal_formula, mo_ntr, mo_difficulty, mo_system, mo_class) VALUES (229, 'norepinéphrine', '', 0, 'EASY', 5, 76);
INSERT INTO molecule (mo_id, mo_dci, mo_skeletal_formula, mo_ntr, mo_difficulty, mo_system, mo_class) VALUES (230, 'bézafibrate', '', 0, 'EASY', 5, 78);
INSERT INTO molecule (mo_id, mo_dci, mo_skeletal_formula, mo_ntr, mo_difficulty, mo_system, mo_class) VALUES (231, 'ciprofibrate', '', 0, 'EASY', 5, 78);
INSERT INTO molecule (mo_id, mo_dci, mo_skeletal_formula, mo_ntr, mo_difficulty, mo_system, mo_class) VALUES (232, 'fénofibrate', '', 0, 'EASY', 5, 78);
INSERT INTO molecule (mo_id, mo_dci, mo_skeletal_formula, mo_ntr, mo_difficulty, mo_system, mo_class) VALUES (233, 'gemfibrozil', '', 0, 'EASY', 5, 78);
INSERT INTO molecule (mo_id, mo_dci, mo_skeletal_formula, mo_ntr, mo_difficulty, mo_system, mo_class) VALUES (234, 'atorvastatine', '', 0, 'EASY', 5, 79);
INSERT INTO molecule_property (mo_id, pv_id) VALUES (234, 27);
INSERT INTO molecule (mo_id, mo_dci, mo_skeletal_formula, mo_ntr, mo_difficulty, mo_system, mo_class) VALUES (235, 'fluvastatine', '', 0, 'EASY', 5, 79);
INSERT INTO molecule (mo_id, mo_dci, mo_skeletal_formula, mo_ntr, mo_difficulty, mo_system, mo_class) VALUES (236, 'pravastatine', '', 0, 'EASY', 5, 79);
INSERT INTO molecule (mo_id, mo_dci, mo_skeletal_formula, mo_ntr, mo_difficulty, mo_system, mo_class) VALUES (237, 'rosuvastatine', '', 0, 'EASY', 5, 79);
INSERT INTO molecule (mo_id, mo_dci, mo_skeletal_formula, mo_ntr, mo_difficulty, mo_system, mo_class) VALUES (238, 'simvastatine', '', 0, 'EASY', 5, 79);
INSERT INTO molecule_property (mo_id, pv_id) VALUES (238, 27);
INSERT INTO molecule (mo_id, mo_dci, mo_skeletal_formula, mo_ntr, mo_difficulty, mo_system, mo_class) VALUES (239, 'ézétimibe', '', 0, 'EASY', 5, 80);
INSERT INTO molecule (mo_id, mo_dci, mo_skeletal_formula, mo_ntr, mo_difficulty, mo_system, mo_class) VALUES (240, 'colestyramine', '', 0, 'EASY', 5, 81);
INSERT INTO molecule (mo_id, mo_dci, mo_skeletal_formula, mo_ntr, mo_difficulty, mo_system, mo_class) VALUES (241, 'sevelamer', '', 0, 'EASY', 5, 81);
INSERT INTO molecule (mo_id, mo_dci, mo_skeletal_formula, mo_ntr, mo_difficulty, mo_system, mo_class) VALUES (242, 'buprénorphine', '', 0, 'EASY', 7, 83);
INSERT INTO molecule_property (mo_id, pv_id) VALUES (242, 324);
INSERT INTO molecule_property (mo_id, pv_id) VALUES (242, 121);
INSERT INTO molecule (mo_id, mo_dci, mo_skeletal_formula, mo_ntr, mo_difficulty, mo_system, mo_class) VALUES (243, 'nalbuphine', '', 0, 'EASY', 7, 83);
INSERT INTO molecule_property (mo_id, pv_id) VALUES (243, 325);
INSERT INTO molecule_property (mo_id, pv_id) VALUES (243, 121);
INSERT INTO molecule (mo_id, mo_dci, mo_skeletal_formula, mo_ntr, mo_difficulty, mo_system, mo_class) VALUES (244, 'alfentanil', '', 0, 'EASY', 7, 85);
INSERT INTO molecule_property (mo_id, pv_id) VALUES (244, 326);
INSERT INTO molecule_property (mo_id, pv_id) VALUES (244, 121);
INSERT INTO molecule_property (mo_id, pv_id) VALUES (244, 28);
INSERT INTO molecule (mo_id, mo_dci, mo_skeletal_formula, mo_ntr, mo_difficulty, mo_system, mo_class) VALUES (245, 'codéine', '', 0, 'EASY', 8, 87);
INSERT INTO molecule_property (mo_id, pv_id) VALUES (245, 325);
INSERT INTO molecule_property (mo_id, pv_id) VALUES (245, 327);
INSERT INTO molecule_property (mo_id, pv_id) VALUES (245, 121);
INSERT INTO molecule (mo_id, mo_dci, mo_skeletal_formula, mo_ntr, mo_difficulty, mo_system, mo_class) VALUES (246, 'dihydrocodeine', '', 0, 'EASY', 7, 86);
INSERT INTO molecule_property (mo_id, pv_id) VALUES (246, 325);
INSERT INTO molecule_property (mo_id, pv_id) VALUES (246, 121);
INSERT INTO molecule (mo_id, mo_dci, mo_skeletal_formula, mo_ntr, mo_difficulty, mo_system, mo_class) VALUES (247, 'fentanyl', '', 0, 'EASY', 7, 84);
INSERT INTO molecule_property (mo_id, pv_id) VALUES (247, 325);
INSERT INTO molecule_property (mo_id, pv_id) VALUES (247, 121);
INSERT INTO molecule (mo_id, mo_dci, mo_skeletal_formula, mo_ntr, mo_difficulty, mo_system, mo_class) VALUES (248, 'hydromorphone', '', 0, 'EASY', 7, 84);
INSERT INTO molecule_property (mo_id, pv_id) VALUES (248, 325);
INSERT INTO molecule_property (mo_id, pv_id) VALUES (248, 121);
INSERT INTO molecule (mo_id, mo_dci, mo_skeletal_formula, mo_ntr, mo_difficulty, mo_system, mo_class) VALUES (249, 'méthadone', '', 0, 'EASY', 7, 82);
INSERT INTO molecule_property (mo_id, pv_id) VALUES (249, 325);
INSERT INTO molecule_property (mo_id, pv_id) VALUES (249, 328);
INSERT INTO molecule_property (mo_id, pv_id) VALUES (249, 121);
INSERT INTO molecule_property (mo_id, pv_id) VALUES (249, 116);
INSERT INTO molecule_property (mo_id, pv_id) VALUES (249, 29);
INSERT INTO molecule (mo_id, mo_dci, mo_skeletal_formula, mo_ntr, mo_difficulty, mo_system, mo_class) VALUES (250, 'morphine', '', 0, 'EASY', 7, 84);
INSERT INTO molecule_property (mo_id, pv_id) VALUES (250, 325);
INSERT INTO molecule_property (mo_id, pv_id) VALUES (250, 121);
INSERT INTO molecule (mo_id, mo_dci, mo_skeletal_formula, mo_ntr, mo_difficulty, mo_system, mo_class) VALUES (251, 'oxycodone', '', 0, 'EASY', 7, 84);
INSERT INTO molecule_property (mo_id, pv_id) VALUES (251, 325);
INSERT INTO molecule_property (mo_id, pv_id) VALUES (251, 121);
INSERT INTO molecule_property (mo_id, pv_id) VALUES (251, 28);
INSERT INTO molecule (mo_id, mo_dci, mo_skeletal_formula, mo_ntr, mo_difficulty, mo_system, mo_class) VALUES (252, 'remifentanil', '', 0, 'EASY', 7, 84);
INSERT INTO molecule_property (mo_id, pv_id) VALUES (252, 326);
INSERT INTO molecule_property (mo_id, pv_id) VALUES (252, 121);
INSERT INTO molecule (mo_id, mo_dci, mo_skeletal_formula, mo_ntr, mo_difficulty, mo_system, mo_class) VALUES (253, 'sufentanil', '', 0, 'EASY', 7, 84);
INSERT INTO molecule_property (mo_id, pv_id) VALUES (253, 325);
INSERT INTO molecule_property (mo_id, pv_id) VALUES (253, 326);
INSERT INTO molecule_property (mo_id, pv_id) VALUES (253, 121);
INSERT INTO molecule_property (mo_id, pv_id) VALUES (253, 28);
INSERT INTO molecule (mo_id, mo_dci, mo_skeletal_formula, mo_ntr, mo_difficulty, mo_system, mo_class) VALUES (254, 'tapentadol', '', 0, 'EASY', 7, 86);
INSERT INTO molecule_property (mo_id, pv_id) VALUES (254, 325);
INSERT INTO molecule_property (mo_id, pv_id) VALUES (254, 121);
INSERT INTO molecule_property (mo_id, pv_id) VALUES (254, 123);
INSERT INTO molecule (mo_id, mo_dci, mo_skeletal_formula, mo_ntr, mo_difficulty, mo_system, mo_class) VALUES (255, 'tramadol', '', 0, 'EASY', 7, 86);
INSERT INTO molecule_property (mo_id, pv_id) VALUES (255, 325);
INSERT INTO molecule_property (mo_id, pv_id) VALUES (255, 121);
INSERT INTO molecule_property (mo_id, pv_id) VALUES (255, 123);
INSERT INTO molecule_property (mo_id, pv_id) VALUES (255, 124);
INSERT INTO molecule (mo_id, mo_dci, mo_skeletal_formula, mo_ntr, mo_difficulty, mo_system, mo_class) VALUES (256, 'néfopam', '', 0, 'EASY', 7, 88);
INSERT INTO molecule_property (mo_id, pv_id) VALUES (256, 325);
INSERT INTO molecule_property (mo_id, pv_id) VALUES (256, 121);
INSERT INTO molecule_property (mo_id, pv_id) VALUES (256, 122);
INSERT INTO molecule (mo_id, mo_dci, mo_skeletal_formula, mo_ntr, mo_difficulty, mo_system, mo_class) VALUES (257, 'nalméfène', '', 0, 'EASY', 7, 89);
INSERT INTO molecule_property (mo_id, pv_id) VALUES (257, 329);
INSERT INTO molecule (mo_id, mo_dci, mo_skeletal_formula, mo_ntr, mo_difficulty, mo_system, mo_class) VALUES (258, 'naltrexone', '', 0, 'EASY', 7, 89);
INSERT INTO molecule_property (mo_id, pv_id) VALUES (258, 324);
INSERT INTO molecule (mo_id, mo_dci, mo_skeletal_formula, mo_ntr, mo_difficulty, mo_system, mo_class) VALUES (259, 'naloxone', '', 0, 'EASY', 7, 90);
INSERT INTO molecule_property (mo_id, pv_id) VALUES (259, 330);
INSERT INTO molecule_property (mo_id, pv_id) VALUES (259, 331);
INSERT INTO molecule_property (mo_id, pv_id) VALUES (259, 121);
INSERT INTO molecule (mo_id, mo_dci, mo_skeletal_formula, mo_ntr, mo_difficulty, mo_system, mo_class) VALUES (260, 'paracétamol', '', 0, 'EASY', 7, 91);
INSERT INTO molecule_property (mo_id, pv_id) VALUES (260, 325);
INSERT INTO molecule_property (mo_id, pv_id) VALUES (260, 332);
INSERT INTO molecule (mo_id, mo_dci, mo_skeletal_formula, mo_ntr, mo_difficulty, mo_system, mo_class) VALUES (261, 'acide méfénamique', '', 0, 'EASY', 7, 94);
INSERT INTO molecule_property (mo_id, pv_id) VALUES (261, 325);
INSERT INTO molecule_property (mo_id, pv_id) VALUES (261, 333);
INSERT INTO molecule_property (mo_id, pv_id) VALUES (261, 115);
INSERT INTO molecule (mo_id, mo_dci, mo_skeletal_formula, mo_ntr, mo_difficulty, mo_system, mo_class) VALUES (262, 'acide niflumique', '', 0, 'EASY', 7, 94);
INSERT INTO molecule_property (mo_id, pv_id) VALUES (262, 325);
INSERT INTO molecule_property (mo_id, pv_id) VALUES (262, 334);
INSERT INTO molecule_property (mo_id, pv_id) VALUES (262, 115);
INSERT INTO molecule (mo_id, mo_dci, mo_skeletal_formula, mo_ntr, mo_difficulty, mo_system, mo_class) VALUES (263, 'morniflumate', '', 0, 'EASY', 7, 94);
INSERT INTO molecule_property (mo_id, pv_id) VALUES (263, 325);
INSERT INTO molecule_property (mo_id, pv_id) VALUES (263, 334);
INSERT INTO molecule_property (mo_id, pv_id) VALUES (263, 115);
INSERT INTO molecule (mo_id, mo_dci, mo_skeletal_formula, mo_ntr, mo_difficulty, mo_system, mo_class) VALUES (264, 'diclofénac', '', 0, 'EASY', 7, 95);
INSERT INTO molecule_property (mo_id, pv_id) VALUES (264, 325);
INSERT INTO molecule_property (mo_id, pv_id) VALUES (264, 334);
INSERT INTO molecule_property (mo_id, pv_id) VALUES (264, 115);
INSERT INTO molecule (mo_id, mo_dci, mo_skeletal_formula, mo_ntr, mo_difficulty, mo_system, mo_class) VALUES (265, 'acéclofenac', '', 0, 'EASY', 7, 95);
INSERT INTO molecule_property (mo_id, pv_id) VALUES (265, 325);
INSERT INTO molecule_property (mo_id, pv_id) VALUES (265, 334);
INSERT INTO molecule (mo_id, mo_dci, mo_skeletal_formula, mo_ntr, mo_difficulty, mo_system, mo_class) VALUES (266, 'acide tiaprofenique', '', 0, 'EASY', 7, 96);
INSERT INTO molecule_property (mo_id, pv_id) VALUES (266, 325);
INSERT INTO molecule_property (mo_id, pv_id) VALUES (266, 334);
INSERT INTO molecule_property (mo_id, pv_id) VALUES (266, 335);
INSERT INTO molecule (mo_id, mo_dci, mo_skeletal_formula, mo_ntr, mo_difficulty, mo_system, mo_class) VALUES (267, 'flurbiprofene', '', 0, 'EASY', 7, 96);
INSERT INTO molecule_property (mo_id, pv_id) VALUES (267, 325);
INSERT INTO molecule_property (mo_id, pv_id) VALUES (267, 334);
INSERT INTO molecule_property (mo_id, pv_id) VALUES (267, 335);
INSERT INTO molecule (mo_id, mo_dci, mo_skeletal_formula, mo_ntr, mo_difficulty, mo_system, mo_class) VALUES (268, 'ibuprofène', '', 0, 'EASY', 7, 96);
INSERT INTO molecule_property (mo_id, pv_id) VALUES (268, 325);
INSERT INTO molecule_property (mo_id, pv_id) VALUES (268, 332);
INSERT INTO molecule_property (mo_id, pv_id) VALUES (268, 115);
INSERT INTO molecule (mo_id, mo_dci, mo_skeletal_formula, mo_ntr, mo_difficulty, mo_system, mo_class) VALUES (269, 'ketoprofène', '', 0, 'EASY', 7, 96);
INSERT INTO molecule_property (mo_id, pv_id) VALUES (269, 325);
INSERT INTO molecule_property (mo_id, pv_id) VALUES (269, 334);
INSERT INTO molecule_property (mo_id, pv_id) VALUES (269, 115);
INSERT INTO molecule (mo_id, mo_dci, mo_skeletal_formula, mo_ntr, mo_difficulty, mo_system, mo_class) VALUES (270, 'naproxène', '', 0, 'EASY', 7, 96);
INSERT INTO molecule_property (mo_id, pv_id) VALUES (270, 325);
INSERT INTO molecule_property (mo_id, pv_id) VALUES (270, 334);
INSERT INTO molecule_property (mo_id, pv_id) VALUES (270, 115);
INSERT INTO molecule (mo_id, mo_dci, mo_skeletal_formula, mo_ntr, mo_difficulty, mo_system, mo_class) VALUES (271, 'dexkétoprofène', '', 0, 'EASY', 7, 96);
INSERT INTO molecule_property (mo_id, pv_id) VALUES (271, 325);
INSERT INTO molecule_property (mo_id, pv_id) VALUES (271, 335);
INSERT INTO molecule_property (mo_id, pv_id) VALUES (271, 115);
INSERT INTO molecule (mo_id, mo_dci, mo_skeletal_formula, mo_ntr, mo_difficulty, mo_system, mo_class) VALUES (272, 'fénoprofène', '', 0, 'EASY', 7, 96);
INSERT INTO molecule_property (mo_id, pv_id) VALUES (272, 325);
INSERT INTO molecule_property (mo_id, pv_id) VALUES (272, 115);
INSERT INTO molecule (mo_id, mo_dci, mo_skeletal_formula, mo_ntr, mo_difficulty, mo_system, mo_class) VALUES (273, 'étodolac', '', 0, 'EASY', 7, 97);
INSERT INTO molecule_property (mo_id, pv_id) VALUES (273, 325);
INSERT INTO molecule_property (mo_id, pv_id) VALUES (273, 334);
INSERT INTO molecule_property (mo_id, pv_id) VALUES (273, 115);
INSERT INTO molecule (mo_id, mo_dci, mo_skeletal_formula, mo_ntr, mo_difficulty, mo_system, mo_class) VALUES (274, 'nabumétone', '', 0, 'EASY', 7, 97);
INSERT INTO molecule_property (mo_id, pv_id) VALUES (274, 325);
INSERT INTO molecule_property (mo_id, pv_id) VALUES (274, 334);
INSERT INTO molecule_property (mo_id, pv_id) VALUES (274, 115);
INSERT INTO molecule (mo_id, mo_dci, mo_skeletal_formula, mo_ntr, mo_difficulty, mo_system, mo_class) VALUES (275, 'indométacine', '', 0, 'EASY', 7, 98);
INSERT INTO molecule_property (mo_id, pv_id) VALUES (275, 325);
INSERT INTO molecule_property (mo_id, pv_id) VALUES (275, 334);
INSERT INTO molecule_property (mo_id, pv_id) VALUES (275, 115);
INSERT INTO molecule (mo_id, mo_dci, mo_skeletal_formula, mo_ntr, mo_difficulty, mo_system, mo_class) VALUES (276, 'sulindac', '', 0, 'EASY', 7, 98);
INSERT INTO molecule_property (mo_id, pv_id) VALUES (276, 325);
INSERT INTO molecule_property (mo_id, pv_id) VALUES (276, 334);
INSERT INTO molecule_property (mo_id, pv_id) VALUES (276, 115);
INSERT INTO molecule (mo_id, mo_dci, mo_skeletal_formula, mo_ntr, mo_difficulty, mo_system, mo_class) VALUES (277, 'célécoxib', '', 0, 'EASY', 7, 99);
INSERT INTO molecule_property (mo_id, pv_id) VALUES (277, 325);
INSERT INTO molecule_property (mo_id, pv_id) VALUES (277, 334);
INSERT INTO molecule_property (mo_id, pv_id) VALUES (277, 115);
INSERT INTO molecule (mo_id, mo_dci, mo_skeletal_formula, mo_ntr, mo_difficulty, mo_system, mo_class) VALUES (278, 'parécoxib', '', 0, 'EASY', 7, 99);
INSERT INTO molecule_property (mo_id, pv_id) VALUES (278, 325);
INSERT INTO molecule_property (mo_id, pv_id) VALUES (278, 334);
INSERT INTO molecule_property (mo_id, pv_id) VALUES (278, 115);
INSERT INTO molecule (mo_id, mo_dci, mo_skeletal_formula, mo_ntr, mo_difficulty, mo_system, mo_class) VALUES (279, 'méloxicam', '', 0, 'EASY', 7, 100);
INSERT INTO molecule_property (mo_id, pv_id) VALUES (279, 325);
INSERT INTO molecule_property (mo_id, pv_id) VALUES (279, 334);
INSERT INTO molecule_property (mo_id, pv_id) VALUES (279, 115);
INSERT INTO molecule (mo_id, mo_dci, mo_skeletal_formula, mo_ntr, mo_difficulty, mo_system, mo_class) VALUES (280, 'piroxicam', '', 0, 'EASY', 7, 100);
INSERT INTO molecule_property (mo_id, pv_id) VALUES (280, 325);
INSERT INTO molecule_property (mo_id, pv_id) VALUES (280, 334);
INSERT INTO molecule_property (mo_id, pv_id) VALUES (280, 115);
INSERT INTO molecule (mo_id, mo_dci, mo_skeletal_formula, mo_ntr, mo_difficulty, mo_system, mo_class) VALUES (281, 'ténoxicam', '', 0, 'EASY', 7, 100);
INSERT INTO molecule_property (mo_id, pv_id) VALUES (281, 325);
INSERT INTO molecule_property (mo_id, pv_id) VALUES (281, 334);
INSERT INTO molecule_property (mo_id, pv_id) VALUES (281, 115);
INSERT INTO molecule (mo_id, mo_dci, mo_skeletal_formula, mo_ntr, mo_difficulty, mo_system, mo_class) VALUES (282, 'mésalazine', '', 0, 'EASY', 7, 101);
INSERT INTO molecule_property (mo_id, pv_id) VALUES (282, 336);
INSERT INTO molecule (mo_id, mo_dci, mo_skeletal_formula, mo_ntr, mo_difficulty, mo_system, mo_class) VALUES (283, 'olsalazine', '', 0, 'EASY', 7, 101);
INSERT INTO molecule_property (mo_id, pv_id) VALUES (283, 336);
INSERT INTO molecule (mo_id, mo_dci, mo_skeletal_formula, mo_ntr, mo_difficulty, mo_system, mo_class) VALUES (284, 'acide para-aminosalicylique', '', 0, 'EASY', 7, 101);
INSERT INTO molecule_property (mo_id, pv_id) VALUES (284, 336);
INSERT INTO molecule (mo_id, mo_dci, mo_skeletal_formula, mo_ntr, mo_difficulty, mo_system, mo_class) VALUES (285, 'sulfasalazine', '', 0, 'EASY', 7, 101);
INSERT INTO molecule_property (mo_id, pv_id) VALUES (285, 337);
INSERT INTO molecule (mo_id, mo_dci, mo_skeletal_formula, mo_ntr, mo_difficulty, mo_system, mo_class) VALUES (286, 'fludrocortisone', '', 0, 'EASY', 7, 103);
INSERT INTO molecule_property (mo_id, pv_id) VALUES (286, 338);
INSERT INTO molecule_property (mo_id, pv_id) VALUES (286, 339);
INSERT INTO molecule_property (mo_id, pv_id) VALUES (286, 125);
INSERT INTO molecule (mo_id, mo_dci, mo_skeletal_formula, mo_ntr, mo_difficulty, mo_system, mo_class) VALUES (287, 'bétaméthasone', '', 0, 'EASY', 7, 104);
INSERT INTO molecule_property (mo_id, pv_id) VALUES (287, 325);
INSERT INTO molecule_property (mo_id, pv_id) VALUES (287, 334);
INSERT INTO molecule_property (mo_id, pv_id) VALUES (287, 340);
INSERT INTO molecule_property (mo_id, pv_id) VALUES (287, 337);
INSERT INTO molecule_property (mo_id, pv_id) VALUES (287, 125);
INSERT INTO molecule (mo_id, mo_dci, mo_skeletal_formula, mo_ntr, mo_difficulty, mo_system, mo_class) VALUES (288, 'budésonide', '', 0, 'EASY', 7, 104);
INSERT INTO molecule_property (mo_id, pv_id) VALUES (288, 340);
INSERT INTO molecule_property (mo_id, pv_id) VALUES (288, 125);
INSERT INTO molecule (mo_id, mo_dci, mo_skeletal_formula, mo_ntr, mo_difficulty, mo_system, mo_class) VALUES (289, 'cortisone', '', 0, 'EASY', 7, 104);
INSERT INTO molecule_property (mo_id, pv_id) VALUES (289, 125);
INSERT INTO molecule (mo_id, mo_dci, mo_skeletal_formula, mo_ntr, mo_difficulty, mo_system, mo_class) VALUES (290, 'dexaméthasone', '', 0, 'EASY', 7, 104);
INSERT INTO molecule_property (mo_id, pv_id) VALUES (290, 325);
INSERT INTO molecule_property (mo_id, pv_id) VALUES (290, 334);
INSERT INTO molecule_property (mo_id, pv_id) VALUES (290, 340);
INSERT INTO molecule_property (mo_id, pv_id) VALUES (290, 337);
INSERT INTO molecule_property (mo_id, pv_id) VALUES (290, 125);
INSERT INTO molecule (mo_id, mo_dci, mo_skeletal_formula, mo_ntr, mo_difficulty, mo_system, mo_class) VALUES (291, 'hydrocortisone', '', 0, 'EASY', 7, 104);
INSERT INTO molecule_property (mo_id, pv_id) VALUES (291, 125);
INSERT INTO molecule (mo_id, mo_dci, mo_skeletal_formula, mo_ntr, mo_difficulty, mo_system, mo_class) VALUES (292, 'méthylprednisolone', '', 0, 'EASY', 7, 104);
INSERT INTO molecule_property (mo_id, pv_id) VALUES (292, 325);
INSERT INTO molecule_property (mo_id, pv_id) VALUES (292, 334);
INSERT INTO molecule_property (mo_id, pv_id) VALUES (292, 340);
INSERT INTO molecule_property (mo_id, pv_id) VALUES (292, 337);
INSERT INTO molecule_property (mo_id, pv_id) VALUES (292, 125);
INSERT INTO molecule (mo_id, mo_dci, mo_skeletal_formula, mo_ntr, mo_difficulty, mo_system, mo_class) VALUES (293, 'prednisolone', '', 0, 'EASY', 7, 104);
INSERT INTO molecule_property (mo_id, pv_id) VALUES (293, 325);
INSERT INTO molecule_property (mo_id, pv_id) VALUES (293, 334);
INSERT INTO molecule_property (mo_id, pv_id) VALUES (293, 125);
INSERT INTO molecule (mo_id, mo_dci, mo_skeletal_formula, mo_ntr, mo_difficulty, mo_system, mo_class) VALUES (294, 'prednisone', '', 0, 'EASY', 7, 104);
INSERT INTO molecule_property (mo_id, pv_id) VALUES (294, 325);
INSERT INTO molecule_property (mo_id, pv_id) VALUES (294, 334);
INSERT INTO molecule_property (mo_id, pv_id) VALUES (294, 340);
INSERT INTO molecule_property (mo_id, pv_id) VALUES (294, 337);
INSERT INTO molecule_property (mo_id, pv_id) VALUES (294, 125);
INSERT INTO molecule (mo_id, mo_dci, mo_skeletal_formula, mo_ntr, mo_difficulty, mo_system, mo_class) VALUES (295, 'triamcinolone', '', 0, 'EASY', 7, 104);
INSERT INTO molecule_property (mo_id, pv_id) VALUES (295, 341);
INSERT INTO molecule_property (mo_id, pv_id) VALUES (295, 125);
INSERT INTO molecule (mo_id, mo_dci, mo_skeletal_formula, mo_ntr, mo_difficulty, mo_system, mo_class) VALUES (296, 'azathioprine', '', 0, 'EASY', 7, 105);
INSERT INTO molecule_property (mo_id, pv_id) VALUES (296, 342);
INSERT INTO molecule_property (mo_id, pv_id) VALUES (296, 343);
INSERT INTO molecule_property (mo_id, pv_id) VALUES (296, 337);
INSERT INTO molecule (mo_id, mo_dci, mo_skeletal_formula, mo_ntr, mo_difficulty, mo_system, mo_class) VALUES (297, 'ciclosporine', '', 0, 'EASY', 7, 105);
INSERT INTO molecule_property (mo_id, pv_id) VALUES (297, 342);
INSERT INTO molecule_property (mo_id, pv_id) VALUES (297, 343);
INSERT INTO molecule_property (mo_id, pv_id) VALUES (297, 126);
INSERT INTO molecule_property (mo_id, pv_id) VALUES (297, 127);
INSERT INTO molecule_property (mo_id, pv_id) VALUES (297, 28);
INSERT INTO molecule (mo_id, mo_dci, mo_skeletal_formula, mo_ntr, mo_difficulty, mo_system, mo_class) VALUES (298, 'évérolimus', '', 0, 'EASY', 7, 105);
INSERT INTO molecule_property (mo_id, pv_id) VALUES (298, 342);
INSERT INTO molecule_property (mo_id, pv_id) VALUES (298, 343);
INSERT INTO molecule_property (mo_id, pv_id) VALUES (298, 111);
INSERT INTO molecule (mo_id, mo_dci, mo_skeletal_formula, mo_ntr, mo_difficulty, mo_system, mo_class) VALUES (299, 'sirolimus', '', 0, 'EASY', 7, 105);
INSERT INTO molecule_property (mo_id, pv_id) VALUES (299, 342);
INSERT INTO molecule_property (mo_id, pv_id) VALUES (299, 343);
INSERT INTO molecule_property (mo_id, pv_id) VALUES (299, 111);
INSERT INTO molecule_property (mo_id, pv_id) VALUES (299, 28);
INSERT INTO molecule (mo_id, mo_dci, mo_skeletal_formula, mo_ntr, mo_difficulty, mo_system, mo_class) VALUES (300, 'tacrolimus', '', 0, 'EASY', 7, 105);
INSERT INTO molecule_property (mo_id, pv_id) VALUES (300, 342);
INSERT INTO molecule_property (mo_id, pv_id) VALUES (300, 343);
INSERT INTO molecule_property (mo_id, pv_id) VALUES (300, 126);
INSERT INTO molecule_property (mo_id, pv_id) VALUES (300, 127);
INSERT INTO molecule_property (mo_id, pv_id) VALUES (300, 210);
INSERT INTO molecule (mo_id, mo_dci, mo_skeletal_formula, mo_ntr, mo_difficulty, mo_system, mo_class) VALUES (301, 'temsirolimus', '', 0, 'EASY', 7, 105);
INSERT INTO molecule_property (mo_id, pv_id) VALUES (301, 344);
INSERT INTO molecule_property (mo_id, pv_id) VALUES (301, 111);
INSERT INTO molecule_property (mo_id, pv_id) VALUES (301, 211);
INSERT INTO molecule (mo_id, mo_dci, mo_skeletal_formula, mo_ntr, mo_difficulty, mo_system, mo_class) VALUES (302, 'chloroquine', '', 0, 'EASY', 7, 107);
INSERT INTO molecule_property (mo_id, pv_id) VALUES (302, 123);
INSERT INTO molecule_property (mo_id, pv_id) VALUES (302, 116);
INSERT INTO molecule (mo_id, mo_dci, mo_skeletal_formula, mo_ntr, mo_difficulty, mo_system, mo_class) VALUES (303, 'hydroxychloroquine', '', 0, 'EASY', 7, 107);
INSERT INTO molecule_property (mo_id, pv_id) VALUES (303, 123);
INSERT INTO molecule_property (mo_id, pv_id) VALUES (303, 116);
INSERT INTO molecule (mo_id, mo_dci, mo_skeletal_formula, mo_ntr, mo_difficulty, mo_system, mo_class) VALUES (304, 'pénicillamine', '', 0, 'EASY', 7, 106);
INSERT INTO molecule_property (mo_id, pv_id) VALUES (304, 343);
INSERT INTO molecule (mo_id, mo_dci, mo_skeletal_formula, mo_ntr, mo_difficulty, mo_system, mo_class) VALUES (305, 'adalimumab', '', 0, 'EASY', 7, 108);
INSERT INTO molecule_property (mo_id, pv_id) VALUES (305, 343);
INSERT INTO molecule_property (mo_id, pv_id) VALUES (305, 337);
INSERT INTO molecule (mo_id, mo_dci, mo_skeletal_formula, mo_ntr, mo_difficulty, mo_system, mo_class) VALUES (306, 'certolizumab', '', 0, 'EASY', 7, 108);
INSERT INTO molecule_property (mo_id, pv_id) VALUES (306, 343);
INSERT INTO molecule (mo_id, mo_dci, mo_skeletal_formula, mo_ntr, mo_difficulty, mo_system, mo_class) VALUES (307, 'golimumab', '', 0, 'EASY', 7, 108);
INSERT INTO molecule_property (mo_id, pv_id) VALUES (307, 343);
INSERT INTO molecule (mo_id, mo_dci, mo_skeletal_formula, mo_ntr, mo_difficulty, mo_system, mo_class) VALUES (308, 'infliximab', '', 0, 'EASY', 7, 108);
INSERT INTO molecule_property (mo_id, pv_id) VALUES (308, 343);
INSERT INTO molecule_property (mo_id, pv_id) VALUES (308, 337);
INSERT INTO molecule (mo_id, mo_dci, mo_skeletal_formula, mo_ntr, mo_difficulty, mo_system, mo_class) VALUES (309, 'tocilizumab', '', 0, 'EASY', 7, 108);
INSERT INTO molecule_property (mo_id, pv_id) VALUES (309, 343);
INSERT INTO molecule (mo_id, mo_dci, mo_skeletal_formula, mo_ntr, mo_difficulty, mo_system, mo_class) VALUES (310, 'etanercept', '', 0, 'EASY', 7, 108);
INSERT INTO molecule_property (mo_id, pv_id) VALUES (310, 343);
INSERT INTO molecule (mo_id, mo_dci, mo_skeletal_formula, mo_ntr, mo_difficulty, mo_system, mo_class) VALUES (311, 'abatacept', '', 0, 'EASY', 7, 108);
INSERT INTO molecule_property (mo_id, pv_id) VALUES (311, 343);
INSERT INTO molecule (mo_id, mo_dci, mo_skeletal_formula, mo_ntr, mo_difficulty, mo_system, mo_class) VALUES (312, 'aprelimast', '', 0, 'EASY', 7, 109);
INSERT INTO molecule (mo_id, mo_dci, mo_skeletal_formula, mo_ntr, mo_difficulty, mo_system, mo_class) VALUES (313, 'sarilumab', '', 0, 'EASY', 7, 110);
INSERT INTO molecule_property (mo_id, pv_id) VALUES (313, 343);
INSERT INTO molecule (mo_id, mo_dci, mo_skeletal_formula, mo_ntr, mo_difficulty, mo_system, mo_class) VALUES (314, 'sécukinumab', '', 0, 'EASY', 7, 111);
INSERT INTO molecule (mo_id, mo_dci, mo_skeletal_formula, mo_ntr, mo_difficulty, mo_system, mo_class) VALUES (315, 'baricitinib', '', 0, 'EASY', 7, 112);
INSERT INTO molecule_property (mo_id, pv_id) VALUES (315, 343);
INSERT INTO molecule (mo_id, mo_dci, mo_skeletal_formula, mo_ntr, mo_difficulty, mo_system, mo_class) VALUES (316, 'tofacitinib', '', 0, 'EASY', 7, 112);
INSERT INTO molecule_property (mo_id, pv_id) VALUES (316, 343);
INSERT INTO molecule_property (mo_id, pv_id) VALUES (316, 337);
INSERT INTO molecule (mo_id, mo_dci, mo_skeletal_formula, mo_ntr, mo_difficulty, mo_system, mo_class) VALUES (317, 'leflunomide', '', 0, 'EASY', 7, 113);
INSERT INTO molecule_property (mo_id, pv_id) VALUES (317, 343);
INSERT INTO molecule (mo_id, mo_dci, mo_skeletal_formula, mo_ntr, mo_difficulty, mo_system, mo_class) VALUES (318, 'méthotrexate', '', 0, 'EASY', 7, 114);
INSERT INTO molecule_property (mo_id, pv_id) VALUES (318, 343);
INSERT INTO molecule_property (mo_id, pv_id) VALUES (318, 127);
INSERT INTO molecule (mo_id, mo_dci, mo_skeletal_formula, mo_ntr, mo_difficulty, mo_system, mo_class) VALUES (319, 'chondroïtine', '', 0, 'EASY', 7, 115);
INSERT INTO molecule_property (mo_id, pv_id) VALUES (319, 345);
INSERT INTO molecule (mo_id, mo_dci, mo_skeletal_formula, mo_ntr, mo_difficulty, mo_system, mo_class) VALUES (320, 'diacéréine', '', 0, 'EASY', 7, 115);
INSERT INTO molecule_property (mo_id, pv_id) VALUES (320, 345);
INSERT INTO molecule (mo_id, mo_dci, mo_skeletal_formula, mo_ntr, mo_difficulty, mo_system, mo_class) VALUES (321, 'glucosamine', '', 0, 'EASY', 7, 115);
INSERT INTO molecule_property (mo_id, pv_id) VALUES (321, 345);
INSERT INTO molecule (mo_id, mo_dci, mo_skeletal_formula, mo_ntr, mo_difficulty, mo_system, mo_class) VALUES (322, 'hyaluronate', '', 0, 'EASY', 7, 115);
INSERT INTO molecule_property (mo_id, pv_id) VALUES (322, 345);
INSERT INTO molecule (mo_id, mo_dci, mo_skeletal_formula, mo_ntr, mo_difficulty, mo_system, mo_class) VALUES (323, 'insapinsaponifiable d\'avocat et de sojaonifiable', '', 0, 'EASY', 7, 115);
INSERT INTO molecule_property (mo_id, pv_id) VALUES (323, 345);
INSERT INTO molecule (mo_id, mo_dci, mo_skeletal_formula, mo_ntr, mo_difficulty, mo_system, mo_class) VALUES (324, 'almotriptan', '', 0, 'EASY', 7, 118);
INSERT INTO molecule_property (mo_id, pv_id) VALUES (324, 346);
INSERT INTO molecule (mo_id, mo_dci, mo_skeletal_formula, mo_ntr, mo_difficulty, mo_system, mo_class) VALUES (325, 'rizatriptan', '', 0, 'EASY', 7, 119);
INSERT INTO molecule_property (mo_id, pv_id) VALUES (325, 346);
INSERT INTO molecule (mo_id, mo_dci, mo_skeletal_formula, mo_ntr, mo_difficulty, mo_system, mo_class) VALUES (326, 'sumatriptan', '', 0, 'EASY', 7, 120);
INSERT INTO molecule_property (mo_id, pv_id) VALUES (326, 346);
INSERT INTO molecule (mo_id, mo_dci, mo_skeletal_formula, mo_ntr, mo_difficulty, mo_system, mo_class) VALUES (327, 'zolmitriptan', '', 0, 'EASY', 7, 121);
INSERT INTO molecule_property (mo_id, pv_id) VALUES (327, 346);
INSERT INTO molecule (mo_id, mo_dci, mo_skeletal_formula, mo_ntr, mo_difficulty, mo_system, mo_class) VALUES (328, 'élétriptan', '', 0, 'EASY', 7, 123);
INSERT INTO molecule_property (mo_id, pv_id) VALUES (328, 346);
INSERT INTO molecule (mo_id, mo_dci, mo_skeletal_formula, mo_ntr, mo_difficulty, mo_system, mo_class) VALUES (329, 'frovatriptan', '', 0, 'EASY', 7, 124);
INSERT INTO molecule_property (mo_id, pv_id) VALUES (329, 346);
INSERT INTO molecule (mo_id, mo_dci, mo_skeletal_formula, mo_ntr, mo_difficulty, mo_system, mo_class) VALUES (330, 'naratriptan', '', 0, 'EASY', 7, 125);
INSERT INTO molecule_property (mo_id, pv_id) VALUES (330, 346);
INSERT INTO molecule (mo_id, mo_dci, mo_skeletal_formula, mo_ntr, mo_difficulty, mo_system, mo_class) VALUES (331, 'ergotamine', '', 0, 'EASY', 7, 126);
INSERT INTO molecule_property (mo_id, pv_id) VALUES (331, 346);
INSERT INTO molecule_property (mo_id, pv_id) VALUES (331, 212);
INSERT INTO molecule (mo_id, mo_dci, mo_skeletal_formula, mo_ntr, mo_difficulty, mo_system, mo_class) VALUES (332, 'dihydroergotamine', '', 0, 'EASY', 7, 126);
INSERT INTO molecule_property (mo_id, pv_id) VALUES (332, 346);
INSERT INTO molecule_property (mo_id, pv_id) VALUES (332, 213);
INSERT INTO molecule (mo_id, mo_dci, mo_skeletal_formula, mo_ntr, mo_difficulty, mo_system, mo_class) VALUES (333, 'oxétorone', '', 0, 'EASY', 7, 127);
INSERT INTO molecule_property (mo_id, pv_id) VALUES (333, 346);
INSERT INTO molecule (mo_id, mo_dci, mo_skeletal_formula, mo_ntr, mo_difficulty, mo_system, mo_class) VALUES (334, 'pizotifène', '', 0, 'EASY', 7, 127);
INSERT INTO molecule_property (mo_id, pv_id) VALUES (334, 346);
INSERT INTO molecule_property (mo_id, pv_id) VALUES (334, 122);
INSERT INTO molecule_property (mo_id, pv_id) VALUES (334, 121);
INSERT INTO molecule (mo_id, mo_dci, mo_skeletal_formula, mo_ntr, mo_difficulty, mo_system, mo_class) VALUES (335, 'flunarizine', '', 0, 'EASY', 7, 128);
INSERT INTO molecule_property (mo_id, pv_id) VALUES (335, 346);
INSERT INTO molecule_property (mo_id, pv_id) VALUES (335, 122);
INSERT INTO molecule_property (mo_id, pv_id) VALUES (335, 121);
INSERT INTO molecule (mo_id, mo_dci, mo_skeletal_formula, mo_ntr, mo_difficulty, mo_system, mo_class) VALUES (336, 'thiocolchicoside', '', 0, 'EASY', 7, 129);
INSERT INTO molecule_property (mo_id, pv_id) VALUES (336, 347);
INSERT INTO molecule (mo_id, mo_dci, mo_skeletal_formula, mo_ntr, mo_difficulty, mo_system, mo_class) VALUES (337, 'baclofène', '', 0, 'EASY', 7, 129);
INSERT INTO molecule_property (mo_id, pv_id) VALUES (337, 347);
INSERT INTO molecule_property (mo_id, pv_id) VALUES (337, 348);
INSERT INTO molecule_property (mo_id, pv_id) VALUES (337, 121);
INSERT INTO molecule_property (mo_id, pv_id) VALUES (337, 11);
INSERT INTO molecule (mo_id, mo_dci, mo_skeletal_formula, mo_ntr, mo_difficulty, mo_system, mo_class) VALUES (338, 'dantrolène', '', 0, 'EASY', 7, 129);
INSERT INTO molecule_property (mo_id, pv_id) VALUES (338, 347);
INSERT INTO molecule (mo_id, mo_dci, mo_skeletal_formula, mo_ntr, mo_difficulty, mo_system, mo_class) VALUES (339, 'pegvisomant', '', 0, 'EASY', 10, 130);
INSERT INTO molecule_property (mo_id, pv_id) VALUES (339, 349);
INSERT INTO molecule (mo_id, mo_dci, mo_skeletal_formula, mo_ntr, mo_difficulty, mo_system, mo_class) VALUES (340, 'mécasermine', '', 0, 'EASY', 10, 131);
INSERT INTO molecule_property (mo_id, pv_id) VALUES (340, 350);
INSERT INTO molecule (mo_id, mo_dci, mo_skeletal_formula, mo_ntr, mo_difficulty, mo_system, mo_class) VALUES (341, 'somatotropine', '', 0, 'EASY', 10, 131);
INSERT INTO molecule_property (mo_id, pv_id) VALUES (341, 350);
INSERT INTO molecule (mo_id, mo_dci, mo_skeletal_formula, mo_ntr, mo_difficulty, mo_system, mo_class) VALUES (342, 'lanréotide', '', 0, 'EASY', 10, 133);
INSERT INTO molecule_property (mo_id, pv_id) VALUES (342, 349);
INSERT INTO molecule (mo_id, mo_dci, mo_skeletal_formula, mo_ntr, mo_difficulty, mo_system, mo_class) VALUES (343, 'octréotide', '', 0, 'EASY', 10, 133);
INSERT INTO molecule_property (mo_id, pv_id) VALUES (343, 349);
INSERT INTO molecule (mo_id, mo_dci, mo_skeletal_formula, mo_ntr, mo_difficulty, mo_system, mo_class) VALUES (344, 'pasiréotide', '', 0, 'EASY', 10, 133);
INSERT INTO molecule_property (mo_id, pv_id) VALUES (344, 351);
INSERT INTO molecule_property (mo_id, pv_id) VALUES (344, 114);
INSERT INTO molecule (mo_id, mo_dci, mo_skeletal_formula, mo_ntr, mo_difficulty, mo_system, mo_class) VALUES (345, 'desmopressine', '', 0, 'EASY', 10, 134);
INSERT INTO molecule_property (mo_id, pv_id) VALUES (345, 352);
INSERT INTO molecule_property (mo_id, pv_id) VALUES (345, 353);
INSERT INTO molecule_property (mo_id, pv_id) VALUES (345, 118);
INSERT INTO molecule (mo_id, mo_dci, mo_skeletal_formula, mo_ntr, mo_difficulty, mo_system, mo_class) VALUES (346, 'tolvaptan', '', 0, 'EASY', 10, 135);
INSERT INTO molecule_property (mo_id, pv_id) VALUES (346, 354);
INSERT INTO molecule_property (mo_id, pv_id) VALUES (346, 355);
INSERT INTO molecule (mo_id, mo_dci, mo_skeletal_formula, mo_ntr, mo_difficulty, mo_system, mo_class) VALUES (347, 'cinacalcet', '', 0, 'EASY', 10, 136);
INSERT INTO molecule_property (mo_id, pv_id) VALUES (347, 356);
INSERT INTO molecule_property (mo_id, pv_id) VALUES (347, 357);
INSERT INTO molecule (mo_id, mo_dci, mo_skeletal_formula, mo_ntr, mo_difficulty, mo_system, mo_class) VALUES (348, 'étecalcétide', '', 0, 'EASY', 10, 136);
INSERT INTO molecule_property (mo_id, pv_id) VALUES (348, 356);
INSERT INTO molecule (mo_id, mo_dci, mo_skeletal_formula, mo_ntr, mo_difficulty, mo_system, mo_class) VALUES (349, 'carbimazole', '', 0, 'EASY', 10, 137);
INSERT INTO molecule_property (mo_id, pv_id) VALUES (349, 358);
INSERT INTO molecule (mo_id, mo_dci, mo_skeletal_formula, mo_ntr, mo_difficulty, mo_system, mo_class) VALUES (350, 'thiamazole', '', 0, 'EASY', 10, 137);
INSERT INTO molecule_property (mo_id, pv_id) VALUES (350, 358);
INSERT INTO molecule (mo_id, mo_dci, mo_skeletal_formula, mo_ntr, mo_difficulty, mo_system, mo_class) VALUES (351, 'thiouracile', '', 0, 'EASY', 10, 137);
INSERT INTO molecule_property (mo_id, pv_id) VALUES (351, 358);
INSERT INTO molecule (mo_id, mo_dci, mo_skeletal_formula, mo_ntr, mo_difficulty, mo_system, mo_class) VALUES (352, 'levothyroxine', '', 0, 'EASY', 10, 138);
INSERT INTO molecule_property (mo_id, pv_id) VALUES (352, 359);
INSERT INTO molecule (mo_id, mo_dci, mo_skeletal_formula, mo_ntr, mo_difficulty, mo_system, mo_class) VALUES (353, 'liothyronine', '', 0, 'EASY', 10, 138);
INSERT INTO molecule_property (mo_id, pv_id) VALUES (353, 359);
INSERT INTO molecule (mo_id, mo_dci, mo_skeletal_formula, mo_ntr, mo_difficulty, mo_system, mo_class) VALUES (354, 'tiratricol', '', 0, 'EASY', 10, 138);
INSERT INTO molecule_property (mo_id, pv_id) VALUES (354, 360);
INSERT INTO molecule (mo_id, mo_dci, mo_skeletal_formula, mo_ntr, mo_difficulty, mo_system, mo_class) VALUES (355, 'estradiol', '', 0, 'EASY', 10, 139);
INSERT INTO molecule_property (mo_id, pv_id) VALUES (355, 361);
INSERT INTO molecule_property (mo_id, pv_id) VALUES (355, 362);
INSERT INTO molecule_property (mo_id, pv_id) VALUES (355, 363);
INSERT INTO molecule (mo_id, mo_dci, mo_skeletal_formula, mo_ntr, mo_difficulty, mo_system, mo_class) VALUES (356, 'estriol', '', 0, 'EASY', 10, 139);
INSERT INTO molecule_property (mo_id, pv_id) VALUES (356, 364);
INSERT INTO molecule (mo_id, mo_dci, mo_skeletal_formula, mo_ntr, mo_difficulty, mo_system, mo_class) VALUES (357, 'promestriene', '', 0, 'EASY', 10, 139);
INSERT INTO molecule_property (mo_id, pv_id) VALUES (357, 364);
INSERT INTO molecule (mo_id, mo_dci, mo_skeletal_formula, mo_ntr, mo_difficulty, mo_system, mo_class) VALUES (358, 'éthinylestradiol', '', 0, 'EASY', 10, 139);
INSERT INTO molecule_property (mo_id, pv_id) VALUES (358, 363);
INSERT INTO molecule (mo_id, mo_dci, mo_skeletal_formula, mo_ntr, mo_difficulty, mo_system, mo_class) VALUES (359, 'chlormadinone', '', 0, 'EASY', 10, 140);
INSERT INTO molecule_property (mo_id, pv_id) VALUES (359, 363);
INSERT INTO molecule_property (mo_id, pv_id) VALUES (359, 365);
INSERT INTO molecule_property (mo_id, pv_id) VALUES (359, 366);
INSERT INTO molecule_property (mo_id, pv_id) VALUES (359, 367);
INSERT INTO molecule (mo_id, mo_dci, mo_skeletal_formula, mo_ntr, mo_difficulty, mo_system, mo_class) VALUES (360, 'dydrogestérone', '', 0, 'EASY', 10, 140);
INSERT INTO molecule_property (mo_id, pv_id) VALUES (360, 361);
INSERT INTO molecule_property (mo_id, pv_id) VALUES (360, 365);
INSERT INTO molecule_property (mo_id, pv_id) VALUES (360, 366);
INSERT INTO molecule_property (mo_id, pv_id) VALUES (360, 367);
INSERT INTO molecule (mo_id, mo_dci, mo_skeletal_formula, mo_ntr, mo_difficulty, mo_system, mo_class) VALUES (361, 'hydroxyprogestérone', '', 0, 'EASY', 10, 140);
INSERT INTO molecule_property (mo_id, pv_id) VALUES (361, 361);
INSERT INTO molecule_property (mo_id, pv_id) VALUES (361, 365);
INSERT INTO molecule (mo_id, mo_dci, mo_skeletal_formula, mo_ntr, mo_difficulty, mo_system, mo_class) VALUES (362, 'medrogestone', '', 0, 'EASY', 10, 140);
INSERT INTO molecule_property (mo_id, pv_id) VALUES (362, 361);
INSERT INTO molecule_property (mo_id, pv_id) VALUES (362, 365);
INSERT INTO molecule_property (mo_id, pv_id) VALUES (362, 366);
INSERT INTO molecule_property (mo_id, pv_id) VALUES (362, 367);
INSERT INTO molecule (mo_id, mo_dci, mo_skeletal_formula, mo_ntr, mo_difficulty, mo_system, mo_class) VALUES (363, 'desogestrel', '', 0, 'EASY', 10, 140);
INSERT INTO molecule_property (mo_id, pv_id) VALUES (363, 363);
INSERT INTO molecule (mo_id, mo_dci, mo_skeletal_formula, mo_ntr, mo_difficulty, mo_system, mo_class) VALUES (364, 'dienogest', '', 0, 'EASY', 10, 140);
INSERT INTO molecule_property (mo_id, pv_id) VALUES (364, 363);
INSERT INTO molecule_property (mo_id, pv_id) VALUES (364, 366);
INSERT INTO molecule (mo_id, mo_dci, mo_skeletal_formula, mo_ntr, mo_difficulty, mo_system, mo_class) VALUES (365, 'drospirénone', '', 0, 'EASY', 10, 140);
INSERT INTO molecule_property (mo_id, pv_id) VALUES (365, 363);
INSERT INTO molecule_property (mo_id, pv_id) VALUES (365, 361);
INSERT INTO molecule (mo_id, mo_dci, mo_skeletal_formula, mo_ntr, mo_difficulty, mo_system, mo_class) VALUES (366, 'étonogestrel', '', 0, 'EASY', 10, 140);
INSERT INTO molecule_property (mo_id, pv_id) VALUES (366, 363);
INSERT INTO molecule (mo_id, mo_dci, mo_skeletal_formula, mo_ntr, mo_difficulty, mo_system, mo_class) VALUES (367, 'levonorgestrel', '', 0, 'EASY', 10, 140);
INSERT INTO molecule_property (mo_id, pv_id) VALUES (367, 363);
INSERT INTO molecule_property (mo_id, pv_id) VALUES (367, 368);
INSERT INTO molecule (mo_id, mo_dci, mo_skeletal_formula, mo_ntr, mo_difficulty, mo_system, mo_class) VALUES (368, 'médroxyprogesterone', '', 0, 'EASY', 10, 140);
INSERT INTO molecule_property (mo_id, pv_id) VALUES (368, 361);
INSERT INTO molecule_property (mo_id, pv_id) VALUES (368, 369);
INSERT INTO molecule (mo_id, mo_dci, mo_skeletal_formula, mo_ntr, mo_difficulty, mo_system, mo_class) VALUES (369, 'mégestrol', '', 0, 'EASY', 10, 140);
INSERT INTO molecule_property (mo_id, pv_id) VALUES (369, 369);
INSERT INTO molecule (mo_id, mo_dci, mo_skeletal_formula, mo_ntr, mo_difficulty, mo_system, mo_class) VALUES (370, 'nomégestrol', '', 0, 'EASY', 10, 140);
INSERT INTO molecule_property (mo_id, pv_id) VALUES (370, 363);
INSERT INTO molecule_property (mo_id, pv_id) VALUES (370, 361);
INSERT INTO molecule (mo_id, mo_dci, mo_skeletal_formula, mo_ntr, mo_difficulty, mo_system, mo_class) VALUES (371, 'norelgestromine', '', 0, 'EASY', 10, 140);
INSERT INTO molecule_property (mo_id, pv_id) VALUES (371, 363);
INSERT INTO molecule (mo_id, mo_dci, mo_skeletal_formula, mo_ntr, mo_difficulty, mo_system, mo_class) VALUES (372, 'noréthisterone', '', 0, 'EASY', 10, 140);
INSERT INTO molecule_property (mo_id, pv_id) VALUES (372, 361);
INSERT INTO molecule (mo_id, mo_dci, mo_skeletal_formula, mo_ntr, mo_difficulty, mo_system, mo_class) VALUES (373, 'norgestimate', '', 0, 'EASY', 10, 140);
INSERT INTO molecule_property (mo_id, pv_id) VALUES (373, 363);
INSERT INTO molecule (mo_id, mo_dci, mo_skeletal_formula, mo_ntr, mo_difficulty, mo_system, mo_class) VALUES (374, 'progesterone', '', 0, 'EASY', 10, 140);
INSERT INTO molecule_property (mo_id, pv_id) VALUES (374, 365);
INSERT INTO molecule (mo_id, mo_dci, mo_skeletal_formula, mo_ntr, mo_difficulty, mo_system, mo_class) VALUES (375, 'uripristal', '', 0, 'EASY', 10, 141);
INSERT INTO molecule_property (mo_id, pv_id) VALUES (375, 368);
INSERT INTO molecule (mo_id, mo_dci, mo_skeletal_formula, mo_ntr, mo_difficulty, mo_system, mo_class) VALUES (376, 'mifépristone', '', 0, 'EASY', 10, 142);
INSERT INTO molecule_property (mo_id, pv_id) VALUES (376, 370);
INSERT INTO molecule (mo_id, mo_dci, mo_skeletal_formula, mo_ntr, mo_difficulty, mo_system, mo_class) VALUES (377, 'sulprostone', '', 0, 'EASY', 10, 143);
INSERT INTO molecule_property (mo_id, pv_id) VALUES (377, 370);
INSERT INTO molecule (mo_id, mo_dci, mo_skeletal_formula, mo_ntr, mo_difficulty, mo_system, mo_class) VALUES (378, 'misoprostol', '', 0, 'EASY', 10, 143);
INSERT INTO molecule_property (mo_id, pv_id) VALUES (378, 370);
INSERT INTO molecule (mo_id, mo_dci, mo_skeletal_formula, mo_ntr, mo_difficulty, mo_system, mo_class) VALUES (379, 'géméprost', '', 0, 'EASY', 10, 143);
INSERT INTO molecule_property (mo_id, pv_id) VALUES (379, 370);
INSERT INTO molecule (mo_id, mo_dci, mo_skeletal_formula, mo_ntr, mo_difficulty, mo_system, mo_class) VALUES (380, 'leuproréline', '', 0, 'EASY', 10, 144);
INSERT INTO molecule_property (mo_id, pv_id) VALUES (380, 371);
INSERT INTO molecule_property (mo_id, pv_id) VALUES (380, 366);
INSERT INTO molecule_property (mo_id, pv_id) VALUES (380, 372);
INSERT INTO molecule (mo_id, mo_dci, mo_skeletal_formula, mo_ntr, mo_difficulty, mo_system, mo_class) VALUES (381, 'nafaréline', '', 0, 'EASY', 10, 144);
INSERT INTO molecule_property (mo_id, pv_id) VALUES (381, 373);
INSERT INTO molecule_property (mo_id, pv_id) VALUES (381, 366);
INSERT INTO molecule (mo_id, mo_dci, mo_skeletal_formula, mo_ntr, mo_difficulty, mo_system, mo_class) VALUES (382, 'triptoréline', '', 0, 'EASY', 10, 144);
INSERT INTO molecule_property (mo_id, pv_id) VALUES (382, 373);
INSERT INTO molecule_property (mo_id, pv_id) VALUES (382, 371);
INSERT INTO molecule (mo_id, mo_dci, mo_skeletal_formula, mo_ntr, mo_difficulty, mo_system, mo_class) VALUES (383, 'cétrorelix', '', 0, 'EASY', 10, 145);
INSERT INTO molecule_property (mo_id, pv_id) VALUES (383, 373);
INSERT INTO molecule (mo_id, mo_dci, mo_skeletal_formula, mo_ntr, mo_difficulty, mo_system, mo_class) VALUES (384, 'ganirelix', '', 0, 'EASY', 10, 145);
INSERT INTO molecule_property (mo_id, pv_id) VALUES (384, 373);
INSERT INTO molecule (mo_id, mo_dci, mo_skeletal_formula, mo_ntr, mo_difficulty, mo_system, mo_class) VALUES (385, 'clomifène', '', 0, 'EASY', 10, 146);
INSERT INTO molecule_property (mo_id, pv_id) VALUES (385, 373);
INSERT INTO molecule_property (mo_id, pv_id) VALUES (385, 374);
INSERT INTO molecule (mo_id, mo_dci, mo_skeletal_formula, mo_ntr, mo_difficulty, mo_system, mo_class) VALUES (386, 'danazol', '', 0, 'EASY', 10, 147);
INSERT INTO molecule_property (mo_id, pv_id) VALUES (386, 366);
INSERT INTO molecule (mo_id, mo_dci, mo_skeletal_formula, mo_ntr, mo_difficulty, mo_system, mo_class) VALUES (387, 'androstanolone', '', 0, 'EASY', 10, 147);
INSERT INTO molecule_property (mo_id, pv_id) VALUES (387, 375);
INSERT INTO molecule (mo_id, mo_dci, mo_skeletal_formula, mo_ntr, mo_difficulty, mo_system, mo_class) VALUES (388, 'noréthandrolone', '', 0, 'EASY', 10, 147);
INSERT INTO molecule_property (mo_id, pv_id) VALUES (388, 376);
INSERT INTO molecule (mo_id, mo_dci, mo_skeletal_formula, mo_ntr, mo_difficulty, mo_system, mo_class) VALUES (389, 'testostérone', '', 0, 'EASY', 10, 147);
INSERT INTO molecule_property (mo_id, pv_id) VALUES (389, 375);
INSERT INTO molecule (mo_id, mo_dci, mo_skeletal_formula, mo_ntr, mo_difficulty, mo_system, mo_class) VALUES (390, 'dutastéride', '', 0, 'EASY', 10, 149);
INSERT INTO molecule_property (mo_id, pv_id) VALUES (390, 377);
INSERT INTO molecule (mo_id, mo_dci, mo_skeletal_formula, mo_ntr, mo_difficulty, mo_system, mo_class) VALUES (391, 'finastéride', '', 0, 'EASY', 10, 149);
INSERT INTO molecule_property (mo_id, pv_id) VALUES (391, 377);
INSERT INTO molecule_property (mo_id, pv_id) VALUES (391, 378);
INSERT INTO molecule (mo_id, mo_dci, mo_skeletal_formula, mo_ntr, mo_difficulty, mo_system, mo_class) VALUES (392, 'acide alendronique', '', 0, 'EASY', 10, 150);
INSERT INTO molecule (mo_id, mo_dci, mo_skeletal_formula, mo_ntr, mo_difficulty, mo_system, mo_class) VALUES (393, 'acide clodronique', '', 0, 'EASY', 10, 150);
INSERT INTO molecule_property (mo_id, pv_id) VALUES (393, 128);
INSERT INTO molecule (mo_id, mo_dci, mo_skeletal_formula, mo_ntr, mo_difficulty, mo_system, mo_class) VALUES (394, 'acide ibandronique', '', 0, 'EASY', 10, 150);
INSERT INTO molecule (mo_id, mo_dci, mo_skeletal_formula, mo_ntr, mo_difficulty, mo_system, mo_class) VALUES (395, 'acide oxidronique', '', 0, 'EASY', 10, 150);
INSERT INTO molecule (mo_id, mo_dci, mo_skeletal_formula, mo_ntr, mo_difficulty, mo_system, mo_class) VALUES (396, 'acide pamidronique', '', 0, 'EASY', 10, 150);
INSERT INTO molecule (mo_id, mo_dci, mo_skeletal_formula, mo_ntr, mo_difficulty, mo_system, mo_class) VALUES (397, 'acide risedronique', '', 0, 'EASY', 10, 150);
INSERT INTO molecule (mo_id, mo_dci, mo_skeletal_formula, mo_ntr, mo_difficulty, mo_system, mo_class) VALUES (398, 'acide tiludronique', '', 0, 'EASY', 10, 150);
INSERT INTO molecule (mo_id, mo_dci, mo_skeletal_formula, mo_ntr, mo_difficulty, mo_system, mo_class) VALUES (399, 'acide zolédronique', '', 0, 'EASY', 10, 150);
INSERT INTO molecule (mo_id, mo_dci, mo_skeletal_formula, mo_ntr, mo_difficulty, mo_system, mo_class) VALUES (400, 'metformine', '', 0, 'EASY', 11, 152);
INSERT INTO molecule_property (mo_id, pv_id) VALUES (400, 379);
INSERT INTO molecule (mo_id, mo_dci, mo_skeletal_formula, mo_ntr, mo_difficulty, mo_system, mo_class) VALUES (401, 'repaglinide', '', 0, 'EASY', 11, 153);
INSERT INTO molecule_property (mo_id, pv_id) VALUES (401, 379);
INSERT INTO molecule (mo_id, mo_dci, mo_skeletal_formula, mo_ntr, mo_difficulty, mo_system, mo_class) VALUES (402, 'saxagliptine', '', 0, 'EASY', 11, 154);
INSERT INTO molecule_property (mo_id, pv_id) VALUES (402, 379);
INSERT INTO molecule_property (mo_id, pv_id) VALUES (402, 111);
INSERT INTO molecule (mo_id, mo_dci, mo_skeletal_formula, mo_ntr, mo_difficulty, mo_system, mo_class) VALUES (403, 'sitagliptine', '', 0, 'EASY', 11, 154);
INSERT INTO molecule_property (mo_id, pv_id) VALUES (403, 379);
INSERT INTO molecule_property (mo_id, pv_id) VALUES (403, 111);
INSERT INTO molecule (mo_id, mo_dci, mo_skeletal_formula, mo_ntr, mo_difficulty, mo_system, mo_class) VALUES (404, 'vildagliptine', '', 0, 'EASY', 11, 154);
INSERT INTO molecule_property (mo_id, pv_id) VALUES (404, 379);
INSERT INTO molecule_property (mo_id, pv_id) VALUES (404, 111);
INSERT INTO molecule (mo_id, mo_dci, mo_skeletal_formula, mo_ntr, mo_difficulty, mo_system, mo_class) VALUES (405, 'glibenclamide', '', 0, 'EASY', 11, 155);
INSERT INTO molecule_property (mo_id, pv_id) VALUES (405, 379);
INSERT INTO molecule_property (mo_id, pv_id) VALUES (405, 129);
INSERT INTO molecule (mo_id, mo_dci, mo_skeletal_formula, mo_ntr, mo_difficulty, mo_system, mo_class) VALUES (406, 'gliclazide', '', 0, 'EASY', 11, 155);
INSERT INTO molecule_property (mo_id, pv_id) VALUES (406, 379);
INSERT INTO molecule (mo_id, mo_dci, mo_skeletal_formula, mo_ntr, mo_difficulty, mo_system, mo_class) VALUES (407, 'glimepiride', '', 0, 'EASY', 11, 155);
INSERT INTO molecule_property (mo_id, pv_id) VALUES (407, 379);
INSERT INTO molecule (mo_id, mo_dci, mo_skeletal_formula, mo_ntr, mo_difficulty, mo_system, mo_class) VALUES (408, 'glipizide', '', 0, 'EASY', 11, 155);
INSERT INTO molecule_property (mo_id, pv_id) VALUES (408, 379);
INSERT INTO molecule_property (mo_id, pv_id) VALUES (408, 129);
INSERT INTO molecule (mo_id, mo_dci, mo_skeletal_formula, mo_ntr, mo_difficulty, mo_system, mo_class) VALUES (409, 'dulaglutide', '', 0, 'EASY', 11, 156);
INSERT INTO molecule_property (mo_id, pv_id) VALUES (409, 379);
INSERT INTO molecule (mo_id, mo_dci, mo_skeletal_formula, mo_ntr, mo_difficulty, mo_system, mo_class) VALUES (410, 'exénatide', '', 0, 'EASY', 11, 156);
INSERT INTO molecule_property (mo_id, pv_id) VALUES (410, 379);
INSERT INTO molecule (mo_id, mo_dci, mo_skeletal_formula, mo_ntr, mo_difficulty, mo_system, mo_class) VALUES (411, 'liraglutide', '', 0, 'EASY', 11, 156);
INSERT INTO molecule_property (mo_id, pv_id) VALUES (411, 379);
INSERT INTO molecule (mo_id, mo_dci, mo_skeletal_formula, mo_ntr, mo_difficulty, mo_system, mo_class) VALUES (412, 'acarbose', '', 0, 'EASY', 11, 157);
INSERT INTO molecule_property (mo_id, pv_id) VALUES (412, 379);
INSERT INTO molecule (mo_id, mo_dci, mo_skeletal_formula, mo_ntr, mo_difficulty, mo_system, mo_class) VALUES (413, 'insuline asparte', '', 0, 'EASY', 11, 159);
INSERT INTO molecule_property (mo_id, pv_id) VALUES (413, 379);
INSERT INTO molecule_property (mo_id, pv_id) VALUES (413, 380);
INSERT INTO molecule (mo_id, mo_dci, mo_skeletal_formula, mo_ntr, mo_difficulty, mo_system, mo_class) VALUES (414, 'insuline lispro', '', 0, 'EASY', 11, 159);
INSERT INTO molecule_property (mo_id, pv_id) VALUES (414, 379);
INSERT INTO molecule_property (mo_id, pv_id) VALUES (414, 380);
INSERT INTO molecule (mo_id, mo_dci, mo_skeletal_formula, mo_ntr, mo_difficulty, mo_system, mo_class) VALUES (415, 'insuline glulisine', '', 0, 'EASY', 11, 159);
INSERT INTO molecule_property (mo_id, pv_id) VALUES (415, 379);
INSERT INTO molecule_property (mo_id, pv_id) VALUES (415, 380);
INSERT INTO molecule (mo_id, mo_dci, mo_skeletal_formula, mo_ntr, mo_difficulty, mo_system, mo_class) VALUES (416, 'insuline humaine recombinante neutre', '', 0, 'EASY', 11, 159);
INSERT INTO molecule_property (mo_id, pv_id) VALUES (416, 379);
INSERT INTO molecule_property (mo_id, pv_id) VALUES (416, 380);
INSERT INTO molecule (mo_id, mo_dci, mo_skeletal_formula, mo_ntr, mo_difficulty, mo_system, mo_class) VALUES (417, 'insuline glargine', '', 0, 'EASY', 11, 160);
INSERT INTO molecule_property (mo_id, pv_id) VALUES (417, 379);
INSERT INTO molecule_property (mo_id, pv_id) VALUES (417, 380);
INSERT INTO molecule (mo_id, mo_dci, mo_skeletal_formula, mo_ntr, mo_difficulty, mo_system, mo_class) VALUES (418, 'insuline dégludec', '', 0, 'EASY', 11, 160);
INSERT INTO molecule_property (mo_id, pv_id) VALUES (418, 379);
INSERT INTO molecule_property (mo_id, pv_id) VALUES (418, 380);
INSERT INTO molecule (mo_id, mo_dci, mo_skeletal_formula, mo_ntr, mo_difficulty, mo_system, mo_class) VALUES (419, 'insuline detemir', '', 0, 'EASY', 11, 160);
INSERT INTO molecule_property (mo_id, pv_id) VALUES (419, 379);
INSERT INTO molecule_property (mo_id, pv_id) VALUES (419, 380);
INSERT INTO molecule (mo_id, mo_dci, mo_skeletal_formula, mo_ntr, mo_difficulty, mo_system, mo_class) VALUES (420, 'insuline humaine recombinante isophane', '', 0, 'EASY', 11, 161);
INSERT INTO molecule_property (mo_id, pv_id) VALUES (420, 379);
INSERT INTO molecule_property (mo_id, pv_id) VALUES (420, 380);
INSERT INTO molecule (mo_id, mo_dci, mo_skeletal_formula, mo_ntr, mo_difficulty, mo_system, mo_class) VALUES (421, 'dipyridamole', '', 0, 'EASY', 12, 163);
INSERT INTO molecule_property (mo_id, pv_id) VALUES (421, 381);
INSERT INTO molecule (mo_id, mo_dci, mo_skeletal_formula, mo_ntr, mo_difficulty, mo_system, mo_class) VALUES (422, 'cangrélor', '', 0, 'EASY', 12, 164);
INSERT INTO molecule_property (mo_id, pv_id) VALUES (422, 382);
INSERT INTO molecule (mo_id, mo_dci, mo_skeletal_formula, mo_ntr, mo_difficulty, mo_system, mo_class) VALUES (423, 'clopidogrel', '', 0, 'EASY', 12, 164);
INSERT INTO molecule_property (mo_id, pv_id) VALUES (423, 381);
INSERT INTO molecule (mo_id, mo_dci, mo_skeletal_formula, mo_ntr, mo_difficulty, mo_system, mo_class) VALUES (424, 'prasugrel', '', 0, 'EASY', 12, 164);
INSERT INTO molecule_property (mo_id, pv_id) VALUES (424, 381);
INSERT INTO molecule (mo_id, mo_dci, mo_skeletal_formula, mo_ntr, mo_difficulty, mo_system, mo_class) VALUES (425, 'ticagrelor', '', 0, 'EASY', 12, 164);
INSERT INTO molecule_property (mo_id, pv_id) VALUES (425, 381);
INSERT INTO molecule_property (mo_id, pv_id) VALUES (425, 214);
INSERT INTO molecule (mo_id, mo_dci, mo_skeletal_formula, mo_ntr, mo_difficulty, mo_system, mo_class) VALUES (426, 'ticlopidine', '', 0, 'EASY', 12, 164);
INSERT INTO molecule_property (mo_id, pv_id) VALUES (426, 381);
INSERT INTO molecule (mo_id, mo_dci, mo_skeletal_formula, mo_ntr, mo_difficulty, mo_system, mo_class) VALUES (427, 'eptifibatide', '', 0, 'EASY', 12, 165);
INSERT INTO molecule_property (mo_id, pv_id) VALUES (427, 383);
INSERT INTO molecule (mo_id, mo_dci, mo_skeletal_formula, mo_ntr, mo_difficulty, mo_system, mo_class) VALUES (428, 'tirofiban', '', 0, 'EASY', 12, 165);
INSERT INTO molecule_property (mo_id, pv_id) VALUES (428, 383);
INSERT INTO molecule (mo_id, mo_dci, mo_skeletal_formula, mo_ntr, mo_difficulty, mo_system, mo_class) VALUES (429, 'iloprost', '', 0, 'EASY', 12, 166);
INSERT INTO molecule_property (mo_id, pv_id) VALUES (429, 384);
INSERT INTO molecule_property (mo_id, pv_id) VALUES (429, 385);
INSERT INTO molecule_property (mo_id, pv_id) VALUES (429, 322);
INSERT INTO molecule (mo_id, mo_dci, mo_skeletal_formula, mo_ntr, mo_difficulty, mo_system, mo_class) VALUES (430, 'altéplase', '', 0, 'EASY', 12, 167);
INSERT INTO molecule_property (mo_id, pv_id) VALUES (430, 386);
INSERT INTO molecule (mo_id, mo_dci, mo_skeletal_formula, mo_ntr, mo_difficulty, mo_system, mo_class) VALUES (431, 'ténectéplase', '', 0, 'EASY', 12, 167);
INSERT INTO molecule_property (mo_id, pv_id) VALUES (431, 387);
INSERT INTO molecule (mo_id, mo_dci, mo_skeletal_formula, mo_ntr, mo_difficulty, mo_system, mo_class) VALUES (432, 'urokinase', '', 0, 'EASY', 12, 167);
INSERT INTO molecule_property (mo_id, pv_id) VALUES (432, 388);
INSERT INTO molecule (mo_id, mo_dci, mo_skeletal_formula, mo_ntr, mo_difficulty, mo_system, mo_class) VALUES (433, 'acenocoumarol', '', 0, 'EASY', 12, 169);
INSERT INTO molecule_property (mo_id, pv_id) VALUES (433, 381);
INSERT INTO molecule (mo_id, mo_dci, mo_skeletal_formula, mo_ntr, mo_difficulty, mo_system, mo_class) VALUES (434, 'fluindione', '', 0, 'EASY', 12, 169);
INSERT INTO molecule_property (mo_id, pv_id) VALUES (434, 381);
INSERT INTO molecule (mo_id, mo_dci, mo_skeletal_formula, mo_ntr, mo_difficulty, mo_system, mo_class) VALUES (435, 'warfarine', '', 0, 'EASY', 12, 169);
INSERT INTO molecule_property (mo_id, pv_id) VALUES (435, 381);
INSERT INTO molecule (mo_id, mo_dci, mo_skeletal_formula, mo_ntr, mo_difficulty, mo_system, mo_class) VALUES (436, 'dabigatran', '', 0, 'EASY', 12, 170);
INSERT INTO molecule_property (mo_id, pv_id) VALUES (436, 381);
INSERT INTO molecule (mo_id, mo_dci, mo_skeletal_formula, mo_ntr, mo_difficulty, mo_system, mo_class) VALUES (437, 'caplacizumab', '', 0, 'EASY', 12, 170);
INSERT INTO molecule_property (mo_id, pv_id) VALUES (437, 389);
INSERT INTO molecule (mo_id, mo_dci, mo_skeletal_formula, mo_ntr, mo_difficulty, mo_system, mo_class) VALUES (438, 'argatroban', '', 0, 'EASY', 12, 170);
INSERT INTO molecule_property (mo_id, pv_id) VALUES (438, 390);
INSERT INTO molecule (mo_id, mo_dci, mo_skeletal_formula, mo_ntr, mo_difficulty, mo_system, mo_class) VALUES (439, 'bivalirudine', '', 0, 'EASY', 12, 170);
INSERT INTO molecule_property (mo_id, pv_id) VALUES (439, 383);
INSERT INTO molecule (mo_id, mo_dci, mo_skeletal_formula, mo_ntr, mo_difficulty, mo_system, mo_class) VALUES (440, 'apixaban', '', 0, 'EASY', 12, 171);
INSERT INTO molecule_property (mo_id, pv_id) VALUES (440, 381);
INSERT INTO molecule_property (mo_id, pv_id) VALUES (440, 391);
INSERT INTO molecule_property (mo_id, pv_id) VALUES (440, 392);
INSERT INTO molecule (mo_id, mo_dci, mo_skeletal_formula, mo_ntr, mo_difficulty, mo_system, mo_class) VALUES (441, 'rivaroxaban', '', 0, 'EASY', 12, 171);
INSERT INTO molecule_property (mo_id, pv_id) VALUES (441, 381);
INSERT INTO molecule_property (mo_id, pv_id) VALUES (441, 391);
INSERT INTO molecule_property (mo_id, pv_id) VALUES (441, 392);
INSERT INTO molecule (mo_id, mo_dci, mo_skeletal_formula, mo_ntr, mo_difficulty, mo_system, mo_class) VALUES (442, 'dalteparine', '', 0, 'EASY', 12, 172);
INSERT INTO molecule_property (mo_id, pv_id) VALUES (442, 391);
INSERT INTO molecule_property (mo_id, pv_id) VALUES (442, 392);
INSERT INTO molecule (mo_id, mo_dci, mo_skeletal_formula, mo_ntr, mo_difficulty, mo_system, mo_class) VALUES (443, 'danaparoïde', '', 0, 'EASY', 12, 172);
INSERT INTO molecule_property (mo_id, pv_id) VALUES (443, 381);
INSERT INTO molecule_property (mo_id, pv_id) VALUES (443, 391);
INSERT INTO molecule_property (mo_id, pv_id) VALUES (443, 392);
INSERT INTO molecule (mo_id, mo_dci, mo_skeletal_formula, mo_ntr, mo_difficulty, mo_system, mo_class) VALUES (444, 'enoxaparine', '', 0, 'EASY', 12, 172);
INSERT INTO molecule_property (mo_id, pv_id) VALUES (444, 381);
INSERT INTO molecule_property (mo_id, pv_id) VALUES (444, 391);
INSERT INTO molecule_property (mo_id, pv_id) VALUES (444, 392);
INSERT INTO molecule (mo_id, mo_dci, mo_skeletal_formula, mo_ntr, mo_difficulty, mo_system, mo_class) VALUES (445, 'fondaparinux', '', 0, 'EASY', 12, 172);
INSERT INTO molecule_property (mo_id, pv_id) VALUES (445, 381);
INSERT INTO molecule (mo_id, mo_dci, mo_skeletal_formula, mo_ntr, mo_difficulty, mo_system, mo_class) VALUES (446, 'nadroparine', '', 0, 'EASY', 12, 172);
INSERT INTO molecule_property (mo_id, pv_id) VALUES (446, 381);
INSERT INTO molecule_property (mo_id, pv_id) VALUES (446, 391);
INSERT INTO molecule (mo_id, mo_dci, mo_skeletal_formula, mo_ntr, mo_difficulty, mo_system, mo_class) VALUES (447, 'alfuzosine', '', 0, 'EASY', 13, 173);
INSERT INTO molecule_property (mo_id, pv_id) VALUES (447, 377);
INSERT INTO molecule_property (mo_id, pv_id) VALUES (447, 11);
INSERT INTO molecule (mo_id, mo_dci, mo_skeletal_formula, mo_ntr, mo_difficulty, mo_system, mo_class) VALUES (448, 'doxazosine', '', 0, 'EASY', 13, 173);
INSERT INTO molecule_property (mo_id, pv_id) VALUES (448, 377);
INSERT INTO molecule_property (mo_id, pv_id) VALUES (448, 11);
INSERT INTO molecule (mo_id, mo_dci, mo_skeletal_formula, mo_ntr, mo_difficulty, mo_system, mo_class) VALUES (449, 'silodosine', '', 0, 'EASY', 13, 173);
INSERT INTO molecule_property (mo_id, pv_id) VALUES (449, 377);
INSERT INTO molecule_property (mo_id, pv_id) VALUES (449, 11);
INSERT INTO molecule (mo_id, mo_dci, mo_skeletal_formula, mo_ntr, mo_difficulty, mo_system, mo_class) VALUES (450, 'tamsulosine', '', 0, 'EASY', 13, 173);
INSERT INTO molecule_property (mo_id, pv_id) VALUES (450, 377);
INSERT INTO molecule_property (mo_id, pv_id) VALUES (450, 11);
INSERT INTO molecule (mo_id, mo_dci, mo_skeletal_formula, mo_ntr, mo_difficulty, mo_system, mo_class) VALUES (451, 'terazosine', '', 0, 'EASY', 13, 173);
INSERT INTO molecule_property (mo_id, pv_id) VALUES (451, 377);
INSERT INTO molecule_property (mo_id, pv_id) VALUES (451, 11);
INSERT INTO molecule (mo_id, mo_dci, mo_skeletal_formula, mo_ntr, mo_difficulty, mo_system, mo_class) VALUES (452, 'fésotérodine', '', 0, 'EASY', 13, 174);
INSERT INTO molecule_property (mo_id, pv_id) VALUES (452, 393);
INSERT INTO molecule_property (mo_id, pv_id) VALUES (452, 122);
INSERT INTO molecule (mo_id, mo_dci, mo_skeletal_formula, mo_ntr, mo_difficulty, mo_system, mo_class) VALUES (453, 'solifenacine', '', 0, 'EASY', 13, 174);
INSERT INTO molecule_property (mo_id, pv_id) VALUES (453, 393);
INSERT INTO molecule_property (mo_id, pv_id) VALUES (453, 122);
INSERT INTO molecule (mo_id, mo_dci, mo_skeletal_formula, mo_ntr, mo_difficulty, mo_system, mo_class) VALUES (454, 'tolterodine', '', 0, 'EASY', 13, 174);
INSERT INTO molecule_property (mo_id, pv_id) VALUES (454, 393);
INSERT INTO molecule_property (mo_id, pv_id) VALUES (454, 122);
INSERT INTO molecule (mo_id, mo_dci, mo_skeletal_formula, mo_ntr, mo_difficulty, mo_system, mo_class) VALUES (455, 'trospium', '', 0, 'EASY', 13, 174);
INSERT INTO molecule_property (mo_id, pv_id) VALUES (455, 393);
INSERT INTO molecule_property (mo_id, pv_id) VALUES (455, 122);
INSERT INTO molecule (mo_id, mo_dci, mo_skeletal_formula, mo_ntr, mo_difficulty, mo_system, mo_class) VALUES (456, 'mirabégron', '', 0, 'EASY', 13, 174);
INSERT INTO molecule_property (mo_id, pv_id) VALUES (456, 393);
INSERT INTO molecule (mo_id, mo_dci, mo_skeletal_formula, mo_ntr, mo_difficulty, mo_system, mo_class) VALUES (457, 'avanafil', '', 0, 'EASY', 13, 176);
INSERT INTO molecule_property (mo_id, pv_id) VALUES (457, 394);
INSERT INTO molecule_property (mo_id, pv_id) VALUES (457, 11);
INSERT INTO molecule (mo_id, mo_dci, mo_skeletal_formula, mo_ntr, mo_difficulty, mo_system, mo_class) VALUES (458, 'sildénafil', '', 0, 'EASY', 13, 176);
INSERT INTO molecule_property (mo_id, pv_id) VALUES (458, 394);
INSERT INTO molecule_property (mo_id, pv_id) VALUES (458, 11);
INSERT INTO molecule (mo_id, mo_dci, mo_skeletal_formula, mo_ntr, mo_difficulty, mo_system, mo_class) VALUES (459, 'tadalafil', '', 0, 'EASY', 13, 176);
INSERT INTO molecule_property (mo_id, pv_id) VALUES (459, 394);
INSERT INTO molecule_property (mo_id, pv_id) VALUES (459, 11);
INSERT INTO molecule (mo_id, mo_dci, mo_skeletal_formula, mo_ntr, mo_difficulty, mo_system, mo_class) VALUES (460, 'vardénafil', '', 0, 'EASY', 13, 176);
INSERT INTO molecule_property (mo_id, pv_id) VALUES (460, 394);
INSERT INTO molecule_property (mo_id, pv_id) VALUES (460, 11);
INSERT INTO molecule (mo_id, mo_dci, mo_skeletal_formula, mo_ntr, mo_difficulty, mo_system, mo_class) VALUES (461, 'yohimbine', '', 0, 'EASY', 13, 177);
INSERT INTO molecule_property (mo_id, pv_id) VALUES (461, 394);
INSERT INTO molecule (mo_id, mo_dci, mo_skeletal_formula, mo_ntr, mo_difficulty, mo_system, mo_class) VALUES (462, 'dextrométhorphane', '', 0, 'EASY', 14, 179);
INSERT INTO molecule_property (mo_id, pv_id) VALUES (462, 327);
INSERT INTO molecule_property (mo_id, pv_id) VALUES (462, 121);
INSERT INTO molecule (mo_id, mo_dci, mo_skeletal_formula, mo_ntr, mo_difficulty, mo_system, mo_class) VALUES (463, 'noscapine', '', 0, 'EASY', 14, 179);
INSERT INTO molecule_property (mo_id, pv_id) VALUES (463, 327);
INSERT INTO molecule_property (mo_id, pv_id) VALUES (463, 121);
INSERT INTO molecule (mo_id, mo_dci, mo_skeletal_formula, mo_ntr, mo_difficulty, mo_system, mo_class) VALUES (464, 'pholcodine', '', 0, 'EASY', 14, 179);
INSERT INTO molecule_property (mo_id, pv_id) VALUES (464, 327);
INSERT INTO molecule_property (mo_id, pv_id) VALUES (464, 121);
INSERT INTO molecule (mo_id, mo_dci, mo_skeletal_formula, mo_ntr, mo_difficulty, mo_system, mo_class) VALUES (465, 'éthylmorphine', '', 0, 'EASY', 14, 179);
INSERT INTO molecule_property (mo_id, pv_id) VALUES (465, 327);
INSERT INTO molecule_property (mo_id, pv_id) VALUES (465, 121);
INSERT INTO molecule (mo_id, mo_dci, mo_skeletal_formula, mo_ntr, mo_difficulty, mo_system, mo_class) VALUES (466, 'oxomémazine', '', 0, 'EASY', 14, 180);
INSERT INTO molecule_property (mo_id, pv_id) VALUES (466, 327);
INSERT INTO molecule_property (mo_id, pv_id) VALUES (466, 121);
INSERT INTO molecule_property (mo_id, pv_id) VALUES (466, 11);
INSERT INTO molecule_property (mo_id, pv_id) VALUES (466, 122);
INSERT INTO molecule_property (mo_id, pv_id) VALUES (466, 215);
INSERT INTO molecule (mo_id, mo_dci, mo_skeletal_formula, mo_ntr, mo_difficulty, mo_system, mo_class) VALUES (467, 'prométhazine', '', 0, 'EASY', 14, 180);
INSERT INTO molecule_property (mo_id, pv_id) VALUES (467, 327);
INSERT INTO molecule_property (mo_id, pv_id) VALUES (467, 121);
INSERT INTO molecule_property (mo_id, pv_id) VALUES (467, 11);
INSERT INTO molecule_property (mo_id, pv_id) VALUES (467, 122);
INSERT INTO molecule_property (mo_id, pv_id) VALUES (467, 215);
INSERT INTO molecule (mo_id, mo_dci, mo_skeletal_formula, mo_ntr, mo_difficulty, mo_system, mo_class) VALUES (468, 'oxéladine', '', 0, 'EASY', 14, 181);
INSERT INTO molecule_property (mo_id, pv_id) VALUES (468, 327);
INSERT INTO molecule (mo_id, mo_dci, mo_skeletal_formula, mo_ntr, mo_difficulty, mo_system, mo_class) VALUES (469, 'hélicidine', '', 0, 'EASY', 14, 182);
INSERT INTO molecule_property (mo_id, pv_id) VALUES (469, 327);
INSERT INTO molecule (mo_id, mo_dci, mo_skeletal_formula, mo_ntr, mo_difficulty, mo_system, mo_class) VALUES (470, 'acétylcystéine', '', 0, 'EASY', 14, 183);
INSERT INTO molecule_property (mo_id, pv_id) VALUES (470, 395);
INSERT INTO molecule (mo_id, mo_dci, mo_skeletal_formula, mo_ntr, mo_difficulty, mo_system, mo_class) VALUES (471, 'ambroxol', '', 0, 'EASY', 14, 183);
INSERT INTO molecule_property (mo_id, pv_id) VALUES (471, 395);
INSERT INTO molecule (mo_id, mo_dci, mo_skeletal_formula, mo_ntr, mo_difficulty, mo_system, mo_class) VALUES (472, 'bromhexine', '', 0, 'EASY', 14, 183);
INSERT INTO molecule_property (mo_id, pv_id) VALUES (472, 395);
INSERT INTO molecule (mo_id, mo_dci, mo_skeletal_formula, mo_ntr, mo_difficulty, mo_system, mo_class) VALUES (473, 'carbocistéine', '', 0, 'EASY', 14, 183);
INSERT INTO molecule_property (mo_id, pv_id) VALUES (473, 395);
INSERT INTO molecule (mo_id, mo_dci, mo_skeletal_formula, mo_ntr, mo_difficulty, mo_system, mo_class) VALUES (474, 'salbutamol', '', 0, 'EASY', 14, 185);
INSERT INTO molecule_property (mo_id, pv_id) VALUES (474, 396);
INSERT INTO molecule_property (mo_id, pv_id) VALUES (474, 397);
INSERT INTO molecule (mo_id, mo_dci, mo_skeletal_formula, mo_ntr, mo_difficulty, mo_system, mo_class) VALUES (475, 'terbutaline', '', 0, 'EASY', 14, 185);
INSERT INTO molecule_property (mo_id, pv_id) VALUES (475, 396);
INSERT INTO molecule_property (mo_id, pv_id) VALUES (475, 398);
INSERT INTO molecule (mo_id, mo_dci, mo_skeletal_formula, mo_ntr, mo_difficulty, mo_system, mo_class) VALUES (476, 'bambuterol', '', 0, 'EASY', 14, 186);
INSERT INTO molecule_property (mo_id, pv_id) VALUES (476, 396);
INSERT INTO molecule_property (mo_id, pv_id) VALUES (476, 397);
INSERT INTO molecule (mo_id, mo_dci, mo_skeletal_formula, mo_ntr, mo_difficulty, mo_system, mo_class) VALUES (477, 'formotérol', '', 0, 'EASY', 14, 186);
INSERT INTO molecule_property (mo_id, pv_id) VALUES (477, 396);
INSERT INTO molecule_property (mo_id, pv_id) VALUES (477, 397);
INSERT INTO molecule (mo_id, mo_dci, mo_skeletal_formula, mo_ntr, mo_difficulty, mo_system, mo_class) VALUES (478, 'indacatérol', '', 0, 'EASY', 14, 186);
INSERT INTO molecule_property (mo_id, pv_id) VALUES (478, 396);
INSERT INTO molecule_property (mo_id, pv_id) VALUES (478, 397);
INSERT INTO molecule (mo_id, mo_dci, mo_skeletal_formula, mo_ntr, mo_difficulty, mo_system, mo_class) VALUES (479, 'salmétérol', '', 0, 'EASY', 14, 186);
INSERT INTO molecule_property (mo_id, pv_id) VALUES (479, 396);
INSERT INTO molecule_property (mo_id, pv_id) VALUES (479, 397);
INSERT INTO molecule (mo_id, mo_dci, mo_skeletal_formula, mo_ntr, mo_difficulty, mo_system, mo_class) VALUES (480, 'olodatérol', '', 0, 'EASY', 14, 186);
INSERT INTO molecule_property (mo_id, pv_id) VALUES (480, 396);
INSERT INTO molecule_property (mo_id, pv_id) VALUES (480, 397);
INSERT INTO molecule (mo_id, mo_dci, mo_skeletal_formula, mo_ntr, mo_difficulty, mo_system, mo_class) VALUES (481, 'vilantérol', '', 0, 'EASY', 14, 186);
INSERT INTO molecule_property (mo_id, pv_id) VALUES (481, 396);
INSERT INTO molecule_property (mo_id, pv_id) VALUES (481, 397);
INSERT INTO molecule (mo_id, mo_dci, mo_skeletal_formula, mo_ntr, mo_difficulty, mo_system, mo_class) VALUES (482, 'ipratropium', '', 0, 'EASY', 14, 187);
INSERT INTO molecule_property (mo_id, pv_id) VALUES (482, 396);
INSERT INTO molecule_property (mo_id, pv_id) VALUES (482, 122);
INSERT INTO molecule (mo_id, mo_dci, mo_skeletal_formula, mo_ntr, mo_difficulty, mo_system, mo_class) VALUES (483, 'glycopyrronium', '', 0, 'EASY', 14, 187);
INSERT INTO molecule_property (mo_id, pv_id) VALUES (483, 397);
INSERT INTO molecule_property (mo_id, pv_id) VALUES (483, 122);
INSERT INTO molecule (mo_id, mo_dci, mo_skeletal_formula, mo_ntr, mo_difficulty, mo_system, mo_class) VALUES (484, 'tiotropium', '', 0, 'EASY', 14, 187);
INSERT INTO molecule_property (mo_id, pv_id) VALUES (484, 396);
INSERT INTO molecule_property (mo_id, pv_id) VALUES (484, 397);
INSERT INTO molecule_property (mo_id, pv_id) VALUES (484, 122);
INSERT INTO molecule (mo_id, mo_dci, mo_skeletal_formula, mo_ntr, mo_difficulty, mo_system, mo_class) VALUES (485, 'uméclinidium', '', 0, 'EASY', 14, 187);
INSERT INTO molecule_property (mo_id, pv_id) VALUES (485, 397);
INSERT INTO molecule_property (mo_id, pv_id) VALUES (485, 122);
INSERT INTO molecule (mo_id, mo_dci, mo_skeletal_formula, mo_ntr, mo_difficulty, mo_system, mo_class) VALUES (486, 'aminophylline', '', 0, 'EASY', 14, 188);
INSERT INTO molecule_property (mo_id, pv_id) VALUES (486, 396);
INSERT INTO molecule (mo_id, mo_dci, mo_skeletal_formula, mo_ntr, mo_difficulty, mo_system, mo_class) VALUES (487, 'théophylline', '', 0, 'EASY', 14, 188);
INSERT INTO molecule_property (mo_id, pv_id) VALUES (487, 396);
INSERT INTO molecule_property (mo_id, pv_id) VALUES (487, 397);
COMMIT; SET AUTOCOMMIT=1;
