INSERT INTO class VALUES (1,'INHIBITEUR DE FUSION',NULL,1);
INSERT INTO class VALUES (2,'INHIBITEURS DE NEURAMINISASE',NULL,1);
INSERT INTO class VALUES (3,'ANALOGUES NUCLEOSIDIQUES',NULL,1);
INSERT INTO class VALUES (4,'INTI (INHIBITEURS NUCLEOSIDIQUES TRANSCRIPTASE INVERSE)',3,2);
INSERT INTO class VALUES (5,'INHIBITEUR DE TERMINASE',NULL,1);
INSERT INTO class VALUES (6,'INHIBITEUR POLYMERASE NS5B',NULL,1);
INSERT INTO class VALUES (7,'INHIBITEUR NS5A',NULL,1);
INSERT INTO class VALUES (8,'INHIBITEUR PROTEINE 3A/4',NULL,1);
INSERT INTO class VALUES (9,'INHIBITEUR DIRECT ADN polymérase virale et transcriptase inverse',NULL,1);
INSERT INTO class VALUES (10,'INHIBITEURS NON NUCLEOSIDIQUES DE LA TI',NULL,1);
INSERT INTO class VALUES (11,'INHIBITEUR ENTREE VHB ET HVD',NULL,1);
INSERT INTO class VALUES (12,'Inhibiteur récepteur NTCP',11,2);
INSERT INTO class VALUES (13,'INHIBITEUR CYP 3A4',NULL,1);
INSERT INTO class VALUES (14,'INHIBITEUR CCR5',NULL,1);
INSERT INTO class VALUES (15,'INHIBITEUR DE PROTEASE',NULL,1);
INSERT INTO class VALUES (16,'INHIBITEUR DE L\'INTEGRASE',NULL,1);
INSERT INTO class VALUES (17,'PENICILLINES',NULL,1);
INSERT INTO class VALUES (18,'PENICILLINES A',17,2);
INSERT INTO class VALUES (19,'PENICILLINE G',17,2);
INSERT INTO class VALUES (20,'PENICILLINE M',17,2);
INSERT INTO class VALUES (21,'PENICILLINE V',17,2);
INSERT INTO class VALUES (22,'UREIDO-PENICILLINES',17,2);
INSERT INTO class VALUES (23,'PENICILLINES A LARGE SPECTRE',17,2);
INSERT INTO class VALUES (24,'CARBOXYPÉNICILLINES',17,2);
INSERT INTO class VALUES (25,'INHIBITEURS DE Β-LACTAMASES',NULL,1);
INSERT INTO class VALUES (26,'MONOBACTAM',NULL,1);
INSERT INTO class VALUES (27,'CARBAPENEMES',NULL,1);
INSERT INTO class VALUES (28,'INHIBITEUR DE LA DESHYDROPEPTIDASE',NULL,1);
INSERT INTO class VALUES (29,'CEPHALOSPORINES',NULL,1);
INSERT INTO class VALUES (30,'CEPHALOSPORINE DE 1ERE GENERATION',29,2);
INSERT INTO class VALUES (31,'CEPHALOSPORINE DE 2NDE GENERATION',29,2);
INSERT INTO class VALUES (32,'CEPHALOSPORINE DE 3EME GENERATION',29,2);
INSERT INTO class VALUES (33,'CEPHALOSPORINE DE 5EME GENERATION',29,2);
INSERT INTO class VALUES (34,'TETRACYCLINES',NULL,1);
INSERT INTO class VALUES (35,'AMINOSIDE',NULL,1);
INSERT INTO class VALUES (36,'MACROLIDES',NULL,1);
INSERT INTO class VALUES (37,'GLYCOPEPTIDES',NULL,1);
INSERT INTO class VALUES (38,'POLYPEPTIDES',NULL,1);
INSERT INTO class VALUES (39,'SULFAMIDES',NULL,1);
INSERT INTO class VALUES (40,'FLUOROQUINOLONE',NULL,1);
INSERT INTO class VALUES (41,'LINCOSAMIDES',NULL,1);
INSERT INTO class VALUES (42,'OXAZOLIDINONES',NULL,1);
INSERT INTO class VALUES (43,'PHENICOLES',NULL,1);
INSERT INTO class VALUES (44,'Antituberculeux',NULL,1);
INSERT INTO class VALUES (45,'NITROFURANES',NULL,1);
INSERT INTO class VALUES (46,'CESTOCIDES',NULL,1);
INSERT INTO class VALUES (47,'BENZIMIDAZOLES',NULL,1);
INSERT INTO class VALUES (48,'5-NITRO-IMIDAZOLES',NULL,1);
INSERT INTO system VALUES (1,'ANTIINFECTIEUX',NULL,1);
INSERT INTO system VALUES (2,'ANTIVIRAL',1,2);
INSERT INTO system VALUES (3,'ANTIBIOTIQUE',1,2);
INSERT INTO system VALUES (4,'ANTIPARASITAIRE',1,2);
INSERT INTO property (pr_id, pr_name) VALUES (1,"side_effects");
INSERT INTO property_value (pv_id, pv_name, pv_property) VALUES (11,'hypotension orthostatique',1);
 INSERT INTO property_value (pv_id, pv_name, pv_property) VALUES (12,'Nephrotoxicité',1);
 INSERT INTO property_value (pv_id, pv_name, pv_property) VALUES (13,'Décoloration dents',1);
 INSERT INTO property_value (pv_id, pv_name, pv_property) VALUES (14,'Hypoplasie email dentaire',1);
 INSERT INTO property_value (pv_id, pv_name, pv_property) VALUES (15,'oesophagite',1);
 INSERT INTO property_value (pv_id, pv_name, pv_property) VALUES (16,'Ototoxicité',1);
 INSERT INTO property_value (pv_id, pv_name, pv_property) VALUES (17,'Torsade de pointe',1);
 INSERT INTO property_value (pv_id, pv_name, pv_property) VALUES (18,'Diminution seuil epileptogene',1);
 INSERT INTO property_value (pv_id, pv_name, pv_property) VALUES (19,'Syndrome serotoninergique',1);
 INSERT INTO property_value (pv_id, pv_name, pv_property) VALUES (110,'Toxicite hematologique',1);
 INSERT INTO property (pr_id, pr_name) VALUES (2,"interactions");
INSERT INTO property_value (pv_id, pv_name, pv_property) VALUES (21,'CYP3A4',2);
 INSERT INTO property_value (pv_id, pv_name, pv_property) VALUES (22,'Allongement QT',2);
 INSERT INTO property_value (pv_id, pv_name, pv_property) VALUES (23,'Syndrome serotoninergique',2);
 INSERT INTO property (pr_id, pr_name) VALUES (3,"indications");
INSERT INTO property_value (pv_id, pv_name, pv_property) VALUES (31,'Grippe',3);
 INSERT INTO property_value (pv_id, pv_name, pv_property) VALUES (32,'Parkinson',3);
 INSERT INTO property_value (pv_id, pv_name, pv_property) VALUES (33,'VHB',3);
 INSERT INTO property_value (pv_id, pv_name, pv_property) VALUES (34,'VIH',3);
 INSERT INTO property_value (pv_id, pv_name, pv_property) VALUES (35,'CMV',3);
 INSERT INTO property_value (pv_id, pv_name, pv_property) VALUES (36,'VHC',3);
 INSERT INTO property_value (pv_id, pv_name, pv_property) VALUES (37,'HSV',3);
 INSERT INTO property_value (pv_id, pv_name, pv_property) VALUES (38,'VZV',3);
 INSERT INTO property_value (pv_id, pv_name, pv_property) VALUES (39,'EBV',3);
 INSERT INTO property_value (pv_id, pv_name, pv_property) VALUES (310,'VHD',3);
 INSERT INTO property_value (pv_id, pv_name, pv_property) VALUES (311,'Infection bacterienne',3);
 INSERT INTO property_value (pv_id, pv_name, pv_property) VALUES (312,'Paludisme',3);
 INSERT INTO property_value (pv_id, pv_name, pv_property) VALUES (313,'Protozoocide',3);
 INSERT INTO property_value (pv_id, pv_name, pv_property) VALUES (314,'Tuberculose',3);
 INSERT INTO property_value (pv_id, pv_name, pv_property) VALUES (315,'Helminthes',3);
 INSERT INTO property_value (pv_id, pv_name, pv_property) VALUES (316,'Protozoaires',3);
 INSERT INTO property_value (pv_id, pv_name, pv_property) VALUES (317,'Bactéries anaérobies',3);
 INSERT INTO molecule (mo_id, mo_dci, mo_skeletal_formula, mo_ntr, mo_difficulty,mo_system,mo_class)           VALUES (1,'AMANTADINE','',0,'HARD',2,1);
INSERT INTO molecule_property (mo_id,pv_id) VALUES (1,11);
INSERT INTO molecule_property (mo_id,pv_id) VALUES (1,31);
INSERT INTO molecule_property (mo_id,pv_id) VALUES (1,32);
INSERT INTO molecule (mo_id, mo_dci, mo_skeletal_formula, mo_ntr, mo_difficulty,mo_system,mo_class)           VALUES (2,'OSELTAMIVIR','',1,'HARD',2,2);
INSERT INTO molecule_property (mo_id,pv_id) VALUES (2,31);
INSERT INTO molecule (mo_id, mo_dci, mo_skeletal_formula, mo_ntr, mo_difficulty,mo_system,mo_class)           VALUES (3,'ZANAMIVIR','',0,'HARD',2,2);
INSERT INTO molecule_property (mo_id,pv_id) VALUES (3,31);
INSERT INTO molecule (mo_id, mo_dci, mo_skeletal_formula, mo_ntr, mo_difficulty,mo_system,mo_class)           VALUES (4,'LAMIVUDINE','H2O',0,'HARD',2,4);
INSERT INTO molecule_property (mo_id,pv_id) VALUES (4,33);
INSERT INTO molecule_property (mo_id,pv_id) VALUES (4,34);
INSERT INTO molecule (mo_id, mo_dci, mo_skeletal_formula, mo_ntr, mo_difficulty,mo_system,mo_class)           VALUES (5,'ENTECAVIR','',0,'HARD',2,3);
INSERT INTO molecule_property (mo_id,pv_id) VALUES (5,33);
INSERT INTO molecule (mo_id, mo_dci, mo_skeletal_formula, mo_ntr, mo_difficulty,mo_system,mo_class)           VALUES (6,'TELBIVUDINE','',0,'HARD',2,3);
INSERT INTO molecule_property (mo_id,pv_id) VALUES (6,33);
INSERT INTO molecule (mo_id, mo_dci, mo_skeletal_formula, mo_ntr, mo_difficulty,mo_system,mo_class)           VALUES (7,'RIBAVIRINE','',0,'EASY',2,3);
INSERT INTO molecule_property (mo_id,pv_id) VALUES (7,33);
INSERT INTO molecule (mo_id, mo_dci, mo_skeletal_formula, mo_ntr, mo_difficulty,mo_system,mo_class)           VALUES (8,'ADEFOVIR','',0,'EASY',2,3);
INSERT INTO molecule_property (mo_id,pv_id) VALUES (8,33);
INSERT INTO molecule (mo_id, mo_dci, mo_skeletal_formula, mo_ntr, mo_difficulty,mo_system,mo_class)           VALUES (9,'TENOFOVIR DISOPROXIL','',0,'EASY',2,4);
INSERT INTO molecule_property (mo_id,pv_id) VALUES (9,33);
INSERT INTO molecule_property (mo_id,pv_id) VALUES (9,34);
INSERT INTO molecule (mo_id, mo_dci, mo_skeletal_formula, mo_ntr, mo_difficulty,mo_system,mo_class)           VALUES (10,'TENOFOVIR ALAFENAMIDE','',0,'EASY',2,4);
INSERT INTO molecule_property (mo_id,pv_id) VALUES (10,34);
INSERT INTO molecule (mo_id, mo_dci, mo_skeletal_formula, mo_ntr, mo_difficulty,mo_system,mo_class)           VALUES (11,'LETERMOVIR','',0,'EASY',2,5);
INSERT INTO molecule_property (mo_id,pv_id) VALUES (11,35);
INSERT INTO molecule (mo_id, mo_dci, mo_skeletal_formula, mo_ntr, mo_difficulty,mo_system,mo_class)           VALUES (12,'SOFOSBUVIR','',0,'EASY',2,6);
INSERT INTO molecule_property (mo_id,pv_id) VALUES (12,36);
INSERT INTO molecule (mo_id, mo_dci, mo_skeletal_formula, mo_ntr, mo_difficulty,mo_system,mo_class)           VALUES (13,'VELPASTASVIR','',0,'EASY',2,7);
INSERT INTO molecule_property (mo_id,pv_id) VALUES (13,36);
INSERT INTO molecule (mo_id, mo_dci, mo_skeletal_formula, mo_ntr, mo_difficulty,mo_system,mo_class)           VALUES (14,'GLECAPREVIR','',0,'EASY',2,8);
INSERT INTO molecule_property (mo_id,pv_id) VALUES (14,36);
INSERT INTO molecule (mo_id, mo_dci, mo_skeletal_formula, mo_ntr, mo_difficulty,mo_system,mo_class)           VALUES (15,'PIBRENTASVIR','',0,'EASY',2,7);
INSERT INTO molecule_property (mo_id,pv_id) VALUES (15,36);
INSERT INTO molecule (mo_id, mo_dci, mo_skeletal_formula, mo_ntr, mo_difficulty,mo_system,mo_class)           VALUES (16,'DACLATASVIR','',0,'EASY',2,7);
INSERT INTO molecule_property (mo_id,pv_id) VALUES (16,36);
INSERT INTO molecule (mo_id, mo_dci, mo_skeletal_formula, mo_ntr, mo_difficulty,mo_system,mo_class)           VALUES (17,'LEDIPASVIR','',0,'EASY',2,7);
INSERT INTO molecule_property (mo_id,pv_id) VALUES (17,36);
INSERT INTO molecule (mo_id, mo_dci, mo_skeletal_formula, mo_ntr, mo_difficulty,mo_system,mo_class)           VALUES (18,'ACICLOVIR','',0,'EASY',2,3);
INSERT INTO molecule_property (mo_id,pv_id) VALUES (18,12);
INSERT INTO molecule_property (mo_id,pv_id) VALUES (18,37);
INSERT INTO molecule_property (mo_id,pv_id) VALUES (18,38);
INSERT INTO molecule (mo_id, mo_dci, mo_skeletal_formula, mo_ntr, mo_difficulty,mo_system,mo_class)           VALUES (19,'VALACICLOVIR','',0,'EASY',2,3);
INSERT INTO molecule_property (mo_id,pv_id) VALUES (19,12);
INSERT INTO molecule_property (mo_id,pv_id) VALUES (19,37);
INSERT INTO molecule_property (mo_id,pv_id) VALUES (19,38);
INSERT INTO molecule (mo_id, mo_dci, mo_skeletal_formula, mo_ntr, mo_difficulty,mo_system,mo_class)           VALUES (20,'GANCICLOVIR','',0,'EASY',2,3);
INSERT INTO molecule_property (mo_id,pv_id) VALUES (20,12);
INSERT INTO molecule_property (mo_id,pv_id) VALUES (20,35);
INSERT INTO molecule (mo_id, mo_dci, mo_skeletal_formula, mo_ntr, mo_difficulty,mo_system,mo_class)           VALUES (21,'VALGANCICLOVIR','',0,'EASY',2,3);
INSERT INTO molecule_property (mo_id,pv_id) VALUES (21,12);
INSERT INTO molecule_property (mo_id,pv_id) VALUES (21,35);
INSERT INTO molecule (mo_id, mo_dci, mo_skeletal_formula, mo_ntr, mo_difficulty,mo_system,mo_class)           VALUES (22,'FOSCARNET','',0,'EASY',2,9);
INSERT INTO molecule_property (mo_id,pv_id) VALUES (22,12);
INSERT INTO molecule_property (mo_id,pv_id) VALUES (22,37);
INSERT INTO molecule_property (mo_id,pv_id) VALUES (22,38);
INSERT INTO molecule_property (mo_id,pv_id) VALUES (22,39);
INSERT INTO molecule_property (mo_id,pv_id) VALUES (22,35);
INSERT INTO molecule (mo_id, mo_dci, mo_skeletal_formula, mo_ntr, mo_difficulty,mo_system,mo_class)           VALUES (23,'DORAVIRINE','',0,'EASY',2,10);
INSERT INTO molecule_property (mo_id,pv_id) VALUES (23,34);
INSERT INTO molecule (mo_id, mo_dci, mo_skeletal_formula, mo_ntr, mo_difficulty,mo_system,mo_class)           VALUES (24,'EFAVIRENZ','',0,'EASY',2,10);
INSERT INTO molecule_property (mo_id,pv_id) VALUES (24,34);
INSERT INTO molecule (mo_id, mo_dci, mo_skeletal_formula, mo_ntr, mo_difficulty,mo_system,mo_class)           VALUES (25,'ETRAVIRINE','',0,'EASY',2,10);
INSERT INTO molecule_property (mo_id,pv_id) VALUES (25,34);
INSERT INTO molecule (mo_id, mo_dci, mo_skeletal_formula, mo_ntr, mo_difficulty,mo_system,mo_class)           VALUES (26,'NEVIRAPINE','',0,'EASY',2,10);
INSERT INTO molecule_property (mo_id,pv_id) VALUES (26,34);
INSERT INTO molecule (mo_id, mo_dci, mo_skeletal_formula, mo_ntr, mo_difficulty,mo_system,mo_class)           VALUES (27,'RILPIVIRINE','',0,'EASY',2,10);
INSERT INTO molecule_property (mo_id,pv_id) VALUES (27,34);
INSERT INTO molecule (mo_id, mo_dci, mo_skeletal_formula, mo_ntr, mo_difficulty,mo_system,mo_class)           VALUES (28,'ABACAVIR','',0,'EASY',2,4);
INSERT INTO molecule_property (mo_id,pv_id) VALUES (28,34);
INSERT INTO molecule (mo_id, mo_dci, mo_skeletal_formula, mo_ntr, mo_difficulty,mo_system,mo_class)           VALUES (29,'EMTRICITABINE','',0,'EASY',2,4);
INSERT INTO molecule_property (mo_id,pv_id) VALUES (29,34);
INSERT INTO molecule (mo_id, mo_dci, mo_skeletal_formula, mo_ntr, mo_difficulty,mo_system,mo_class)           VALUES (30,'ZIDOVUDINE','',0,'EASY',2,4);
INSERT INTO molecule_property (mo_id,pv_id) VALUES (30,34);
INSERT INTO molecule (mo_id, mo_dci, mo_skeletal_formula, mo_ntr, mo_difficulty,mo_system,mo_class)           VALUES (31,'BULEVIRTIDE','',0,'EASY',2,12);
INSERT INTO molecule_property (mo_id,pv_id) VALUES (31,310);
INSERT INTO molecule (mo_id, mo_dci, mo_skeletal_formula, mo_ntr, mo_difficulty,mo_system,mo_class)           VALUES (32,'COBICISTAT','',0,'EASY',2,13);
INSERT INTO molecule_property (mo_id,pv_id) VALUES (32,34);
INSERT INTO molecule (mo_id, mo_dci, mo_skeletal_formula, mo_ntr, mo_difficulty,mo_system,mo_class)           VALUES (33,'MARAVIROC','',0,'EASY',2,14);
INSERT INTO molecule_property (mo_id,pv_id) VALUES (33,34);
INSERT INTO molecule (mo_id, mo_dci, mo_skeletal_formula, mo_ntr, mo_difficulty,mo_system,mo_class)           VALUES (34,'ENFUVIRTIDE','',0,'EASY',2,1);
INSERT INTO molecule_property (mo_id,pv_id) VALUES (34,34);
INSERT INTO molecule (mo_id, mo_dci, mo_skeletal_formula, mo_ntr, mo_difficulty,mo_system,mo_class)           VALUES (35,'ATAZANAVIR','',0,'EASY',2,15);
INSERT INTO molecule_property (mo_id,pv_id) VALUES (35,34);
INSERT INTO molecule (mo_id, mo_dci, mo_skeletal_formula, mo_ntr, mo_difficulty,mo_system,mo_class)           VALUES (36,'DARUNAVIR','',0,'EASY',2,15);
INSERT INTO molecule_property (mo_id,pv_id) VALUES (36,34);
INSERT INTO molecule (mo_id, mo_dci, mo_skeletal_formula, mo_ntr, mo_difficulty,mo_system,mo_class)           VALUES (37,'FOSAMPRENAVIR','',0,'EASY',2,15);
INSERT INTO molecule_property (mo_id,pv_id) VALUES (37,34);
INSERT INTO molecule (mo_id, mo_dci, mo_skeletal_formula, mo_ntr, mo_difficulty,mo_system,mo_class)           VALUES (38,'LOPINAVIR','',0,'EASY',2,15);
INSERT INTO molecule_property (mo_id,pv_id) VALUES (38,34);
INSERT INTO molecule (mo_id, mo_dci, mo_skeletal_formula, mo_ntr, mo_difficulty,mo_system,mo_class)           VALUES (39,'RITONAVIR','',0,'EASY',2,15);
INSERT INTO molecule_property (mo_id,pv_id) VALUES (39,34);
INSERT INTO molecule (mo_id, mo_dci, mo_skeletal_formula, mo_ntr, mo_difficulty,mo_system,mo_class)           VALUES (40,'TIPRANAVIR','',0,'EASY',2,15);
INSERT INTO molecule_property (mo_id,pv_id) VALUES (40,34);
INSERT INTO molecule (mo_id, mo_dci, mo_skeletal_formula, mo_ntr, mo_difficulty,mo_system,mo_class)           VALUES (41,'DOLUTEGRAVIR','',0,'EASY',2,16);
INSERT INTO molecule_property (mo_id,pv_id) VALUES (41,34);
INSERT INTO molecule (mo_id, mo_dci, mo_skeletal_formula, mo_ntr, mo_difficulty,mo_system,mo_class)           VALUES (42,'RALTEGRAVIR','',0,'EASY',2,16);
INSERT INTO molecule_property (mo_id,pv_id) VALUES (42,34);
INSERT INTO molecule (mo_id, mo_dci, mo_skeletal_formula, mo_ntr, mo_difficulty,mo_system,mo_class)           VALUES (43,'ELVITEGRAVIR','',0,'EASY',2,16);
INSERT INTO molecule_property (mo_id,pv_id) VALUES (43,34);
INSERT INTO molecule (mo_id, mo_dci, mo_skeletal_formula, mo_ntr, mo_difficulty,mo_system,mo_class)           VALUES (44,'BICTEGRAVIR','',0,'EASY',2,16);
INSERT INTO molecule_property (mo_id,pv_id) VALUES (44,34);
INSERT INTO molecule (mo_id, mo_dci, mo_skeletal_formula, mo_ntr, mo_difficulty,mo_system,mo_class)           VALUES (45,'AMOXICILLINE','',0,'EASY',3,18);
INSERT INTO molecule_property (mo_id,pv_id) VALUES (45,311);
INSERT INTO molecule (mo_id, mo_dci, mo_skeletal_formula, mo_ntr, mo_difficulty,mo_system,mo_class)           VALUES (46,'AMPICILLINE','',0,'EASY',3,18);
INSERT INTO molecule_property (mo_id,pv_id) VALUES (46,311);
INSERT INTO molecule (mo_id, mo_dci, mo_skeletal_formula, mo_ntr, mo_difficulty,mo_system,mo_class)           VALUES (47,'BENZYLPENICILLINE','',0,'EASY',3,19);
INSERT INTO molecule_property (mo_id,pv_id) VALUES (47,311);
INSERT INTO molecule (mo_id, mo_dci, mo_skeletal_formula, mo_ntr, mo_difficulty,mo_system,mo_class)           VALUES (48,'CLOXACILLINE','',0,'EASY',3,20);
INSERT INTO molecule_property (mo_id,pv_id) VALUES (48,311);
INSERT INTO molecule (mo_id, mo_dci, mo_skeletal_formula, mo_ntr, mo_difficulty,mo_system,mo_class)           VALUES (49,'OXACILLINE','',0,'EASY',3,20);
INSERT INTO molecule_property (mo_id,pv_id) VALUES (49,311);
INSERT INTO molecule (mo_id, mo_dci, mo_skeletal_formula, mo_ntr, mo_difficulty,mo_system,mo_class)           VALUES (50,'PHENOXYMETHYLPENICILLINE','',0,'EASY',3,21);
INSERT INTO molecule_property (mo_id,pv_id) VALUES (50,311);
INSERT INTO molecule (mo_id, mo_dci, mo_skeletal_formula, mo_ntr, mo_difficulty,mo_system,mo_class)           VALUES (51,'PIPERACILLINE','',0,'EASY',3,22);
INSERT INTO molecule_property (mo_id,pv_id) VALUES (51,311);
INSERT INTO molecule (mo_id, mo_dci, mo_skeletal_formula, mo_ntr, mo_difficulty,mo_system,mo_class)           VALUES (52,'PIVMECILLINAM','',0,'EASY',3,23);
INSERT INTO molecule_property (mo_id,pv_id) VALUES (52,311);
INSERT INTO molecule (mo_id, mo_dci, mo_skeletal_formula, mo_ntr, mo_difficulty,mo_system,mo_class)           VALUES (53,'TEMOCILLINE','',0,'EASY',3,23);
INSERT INTO molecule_property (mo_id,pv_id) VALUES (53,311);
INSERT INTO molecule (mo_id, mo_dci, mo_skeletal_formula, mo_ntr, mo_difficulty,mo_system,mo_class)           VALUES (54,'TICARCILLINE','',0,'EASY',3,24);
INSERT INTO molecule_property (mo_id,pv_id) VALUES (54,311);
INSERT INTO molecule (mo_id, mo_dci, mo_skeletal_formula, mo_ntr, mo_difficulty,mo_system,mo_class)           VALUES (55,'ACIDE CLAVULANIQUE','',0,'EASY',3,25);
INSERT INTO molecule_property (mo_id,pv_id) VALUES (55,311);
INSERT INTO molecule (mo_id, mo_dci, mo_skeletal_formula, mo_ntr, mo_difficulty,mo_system,mo_class)           VALUES (56,'SULBACTAM','',0,'EASY',3,25);
INSERT INTO molecule_property (mo_id,pv_id) VALUES (56,311);
INSERT INTO molecule (mo_id, mo_dci, mo_skeletal_formula, mo_ntr, mo_difficulty,mo_system,mo_class)           VALUES (57,'TAZOBACTAM','',0,'EASY',3,25);
INSERT INTO molecule_property (mo_id,pv_id) VALUES (57,311);
INSERT INTO molecule (mo_id, mo_dci, mo_skeletal_formula, mo_ntr, mo_difficulty,mo_system,mo_class)           VALUES (58,'AVIBACTAM','',0,'EASY',3,25);
INSERT INTO molecule_property (mo_id,pv_id) VALUES (58,311);
INSERT INTO molecule (mo_id, mo_dci, mo_skeletal_formula, mo_ntr, mo_difficulty,mo_system,mo_class)           VALUES (59,'AZTREONAM','',0,'EASY',3,26);
INSERT INTO molecule_property (mo_id,pv_id) VALUES (59,311);
INSERT INTO molecule (mo_id, mo_dci, mo_skeletal_formula, mo_ntr, mo_difficulty,mo_system,mo_class)           VALUES (60,'ERTAPENEME','',0,'EASY',3,27);
INSERT INTO molecule_property (mo_id,pv_id) VALUES (60,311);
INSERT INTO molecule (mo_id, mo_dci, mo_skeletal_formula, mo_ntr, mo_difficulty,mo_system,mo_class)           VALUES (61,'MEROPENEME','',0,'EASY',3,27);
INSERT INTO molecule_property (mo_id,pv_id) VALUES (61,311);
INSERT INTO molecule (mo_id, mo_dci, mo_skeletal_formula, mo_ntr, mo_difficulty,mo_system,mo_class)           VALUES (62,'IMIPENEME','',0,'EASY',3,27);
INSERT INTO molecule_property (mo_id,pv_id) VALUES (62,311);
INSERT INTO molecule (mo_id, mo_dci, mo_skeletal_formula, mo_ntr, mo_difficulty,mo_system,mo_class)           VALUES (63,'CILASTATINE','',0,'EASY',3,28);
INSERT INTO molecule_property (mo_id,pv_id) VALUES (63,311);
INSERT INTO molecule (mo_id, mo_dci, mo_skeletal_formula, mo_ntr, mo_difficulty,mo_system,mo_class)           VALUES (64,'CEFACLOR','',0,'EASY',3,30);
INSERT INTO molecule_property (mo_id,pv_id) VALUES (64,311);
INSERT INTO molecule (mo_id, mo_dci, mo_skeletal_formula, mo_ntr, mo_difficulty,mo_system,mo_class)           VALUES (65,'CEFAZOLINE','',0,'EASY',3,30);
INSERT INTO molecule_property (mo_id,pv_id) VALUES (65,311);
INSERT INTO molecule (mo_id, mo_dci, mo_skeletal_formula, mo_ntr, mo_difficulty,mo_system,mo_class)           VALUES (66,'CEFAMANDOLE','',0,'EASY',3,31);
INSERT INTO molecule_property (mo_id,pv_id) VALUES (66,311);
INSERT INTO molecule (mo_id, mo_dci, mo_skeletal_formula, mo_ntr, mo_difficulty,mo_system,mo_class)           VALUES (67,'CEFOXITINE','',0,'EASY',3,31);
INSERT INTO molecule_property (mo_id,pv_id) VALUES (67,311);
INSERT INTO molecule (mo_id, mo_dci, mo_skeletal_formula, mo_ntr, mo_difficulty,mo_system,mo_class)           VALUES (68,'CEFUROXIME','',0,'EASY',3,31);
INSERT INTO molecule_property (mo_id,pv_id) VALUES (68,311);
INSERT INTO molecule (mo_id, mo_dci, mo_skeletal_formula, mo_ntr, mo_difficulty,mo_system,mo_class)           VALUES (69,'CEFIXIME','',0,'EASY',3,32);
INSERT INTO molecule_property (mo_id,pv_id) VALUES (69,311);
INSERT INTO molecule (mo_id, mo_dci, mo_skeletal_formula, mo_ntr, mo_difficulty,mo_system,mo_class)           VALUES (70,'CEFIDEROCOL','',0,'EASY',3,32);
INSERT INTO molecule_property (mo_id,pv_id) VALUES (70,311);
INSERT INTO molecule (mo_id, mo_dci, mo_skeletal_formula, mo_ntr, mo_difficulty,mo_system,mo_class)           VALUES (71,'CEFOTAXIME,','',0,'EASY',3,32);
INSERT INTO molecule_property (mo_id,pv_id) VALUES (71,311);
INSERT INTO molecule (mo_id, mo_dci, mo_skeletal_formula, mo_ntr, mo_difficulty,mo_system,mo_class)           VALUES (72,'CEFPODOXIME','',0,'EASY',3,32);
INSERT INTO molecule_property (mo_id,pv_id) VALUES (72,311);
INSERT INTO molecule (mo_id, mo_dci, mo_skeletal_formula, mo_ntr, mo_difficulty,mo_system,mo_class)           VALUES (73,'CEFTAZIDIME','',0,'EASY',3,32);
INSERT INTO molecule_property (mo_id,pv_id) VALUES (73,311);
INSERT INTO molecule (mo_id, mo_dci, mo_skeletal_formula, mo_ntr, mo_difficulty,mo_system,mo_class)           VALUES (74,'CEFTRIAXONE,','',0,'EASY',3,32);
INSERT INTO molecule_property (mo_id,pv_id) VALUES (74,311);
INSERT INTO molecule (mo_id, mo_dci, mo_skeletal_formula, mo_ntr, mo_difficulty,mo_system,mo_class)           VALUES (75,'CEFEPIME','',0,'EASY',3,32);
INSERT INTO molecule_property (mo_id,pv_id) VALUES (75,311);
INSERT INTO molecule (mo_id, mo_dci, mo_skeletal_formula, mo_ntr, mo_difficulty,mo_system,mo_class)           VALUES (76,'CEFTOLOZANE','',0,'EASY',3,33);
INSERT INTO molecule_property (mo_id,pv_id) VALUES (76,311);
INSERT INTO molecule (mo_id, mo_dci, mo_skeletal_formula, mo_ntr, mo_difficulty,mo_system,mo_class)           VALUES (77,'CEFTAROLINE','',0,'EASY',3,33);
INSERT INTO molecule_property (mo_id,pv_id) VALUES (77,311);
INSERT INTO molecule (mo_id, mo_dci, mo_skeletal_formula, mo_ntr, mo_difficulty,mo_system,mo_class)           VALUES (78,'CEFTOBIPROL','',0,'EASY',3,33);
INSERT INTO molecule_property (mo_id,pv_id) VALUES (78,311);
INSERT INTO molecule (mo_id, mo_dci, mo_skeletal_formula, mo_ntr, mo_difficulty,mo_system,mo_class)           VALUES (79,'DOXYCYCLINE','',0,'EASY',3,34);
INSERT INTO molecule_property (mo_id,pv_id) VALUES (79,13);
INSERT INTO molecule_property (mo_id,pv_id) VALUES (79,14);
INSERT INTO molecule_property (mo_id,pv_id) VALUES (79,15);
INSERT INTO molecule_property (mo_id,pv_id) VALUES (79,311);
INSERT INTO molecule_property (mo_id,pv_id) VALUES (79,312);
INSERT INTO molecule (mo_id, mo_dci, mo_skeletal_formula, mo_ntr, mo_difficulty,mo_system,mo_class)           VALUES (80,'LYMECYCLINE','',0,'EASY',3,34);
INSERT INTO molecule_property (mo_id,pv_id) VALUES (80,13);
INSERT INTO molecule_property (mo_id,pv_id) VALUES (80,14);
INSERT INTO molecule_property (mo_id,pv_id) VALUES (80,15);
INSERT INTO molecule_property (mo_id,pv_id) VALUES (80,311);
INSERT INTO molecule (mo_id, mo_dci, mo_skeletal_formula, mo_ntr, mo_difficulty,mo_system,mo_class)           VALUES (81,'METHYLENECYCLINE','',0,'EASY',3,34);
INSERT INTO molecule_property (mo_id,pv_id) VALUES (81,13);
INSERT INTO molecule_property (mo_id,pv_id) VALUES (81,14);
INSERT INTO molecule_property (mo_id,pv_id) VALUES (81,15);
INSERT INTO molecule_property (mo_id,pv_id) VALUES (81,311);
INSERT INTO molecule (mo_id, mo_dci, mo_skeletal_formula, mo_ntr, mo_difficulty,mo_system,mo_class)           VALUES (82,'MINOCYCLINE','',0,'EASY',3,34);
INSERT INTO molecule_property (mo_id,pv_id) VALUES (82,13);
INSERT INTO molecule_property (mo_id,pv_id) VALUES (82,14);
INSERT INTO molecule_property (mo_id,pv_id) VALUES (82,15);
INSERT INTO molecule_property (mo_id,pv_id) VALUES (82,311);
INSERT INTO molecule (mo_id, mo_dci, mo_skeletal_formula, mo_ntr, mo_difficulty,mo_system,mo_class)           VALUES (83,'OXYTETRACYCLINE','',0,'EASY',3,34);
INSERT INTO molecule_property (mo_id,pv_id) VALUES (83,13);
INSERT INTO molecule_property (mo_id,pv_id) VALUES (83,14);
INSERT INTO molecule_property (mo_id,pv_id) VALUES (83,15);
INSERT INTO molecule_property (mo_id,pv_id) VALUES (83,311);
INSERT INTO molecule (mo_id, mo_dci, mo_skeletal_formula, mo_ntr, mo_difficulty,mo_system,mo_class)           VALUES (84,'TIGECYCLINE','',0,'EASY',3,34);
INSERT INTO molecule_property (mo_id,pv_id) VALUES (84,13);
INSERT INTO molecule_property (mo_id,pv_id) VALUES (84,14);
INSERT INTO molecule_property (mo_id,pv_id) VALUES (84,15);
INSERT INTO molecule_property (mo_id,pv_id) VALUES (84,311);
INSERT INTO molecule (mo_id, mo_dci, mo_skeletal_formula, mo_ntr, mo_difficulty,mo_system,mo_class)           VALUES (85,'AMIKACINE','',0,'EASY',3,35);
INSERT INTO molecule_property (mo_id,pv_id) VALUES (85,12);
INSERT INTO molecule_property (mo_id,pv_id) VALUES (85,16);
INSERT INTO molecule_property (mo_id,pv_id) VALUES (85,311);
INSERT INTO molecule (mo_id, mo_dci, mo_skeletal_formula, mo_ntr, mo_difficulty,mo_system,mo_class)           VALUES (86,'GENTAMICINE,','',0,'EASY',3,35);
INSERT INTO molecule_property (mo_id,pv_id) VALUES (86,12);
INSERT INTO molecule_property (mo_id,pv_id) VALUES (86,16);
INSERT INTO molecule_property (mo_id,pv_id) VALUES (86,311);
INSERT INTO molecule (mo_id, mo_dci, mo_skeletal_formula, mo_ntr, mo_difficulty,mo_system,mo_class)           VALUES (87,'STREPTOMYCINE,','',0,'EASY',3,35);
INSERT INTO molecule_property (mo_id,pv_id) VALUES (87,12);
INSERT INTO molecule_property (mo_id,pv_id) VALUES (87,16);
INSERT INTO molecule_property (mo_id,pv_id) VALUES (87,311);
INSERT INTO molecule (mo_id, mo_dci, mo_skeletal_formula, mo_ntr, mo_difficulty,mo_system,mo_class)           VALUES (88,'TOBRAMYCINE,','',0,'EASY',3,35);
INSERT INTO molecule_property (mo_id,pv_id) VALUES (88,12);
INSERT INTO molecule_property (mo_id,pv_id) VALUES (88,16);
INSERT INTO molecule_property (mo_id,pv_id) VALUES (88,311);
INSERT INTO molecule (mo_id, mo_dci, mo_skeletal_formula, mo_ntr, mo_difficulty,mo_system,mo_class)           VALUES (89,'FRAMYCETINE','',0,'EASY',3,35);
INSERT INTO molecule_property (mo_id,pv_id) VALUES (89,12);
INSERT INTO molecule_property (mo_id,pv_id) VALUES (89,16);
INSERT INTO molecule_property (mo_id,pv_id) VALUES (89,311);
INSERT INTO molecule (mo_id, mo_dci, mo_skeletal_formula, mo_ntr, mo_difficulty,mo_system,mo_class)           VALUES (90,'AZITHROMYCINE','',0,'EASY',3,36);
INSERT INTO molecule_property (mo_id,pv_id) VALUES (90,17);
INSERT INTO molecule_property (mo_id,pv_id) VALUES (90,311);
INSERT INTO molecule (mo_id, mo_dci, mo_skeletal_formula, mo_ntr, mo_difficulty,mo_system,mo_class)           VALUES (91,'CLARITHROMYCINE','',0,'EASY',3,36);
INSERT INTO molecule_property (mo_id,pv_id) VALUES (91,17);
INSERT INTO molecule_property (mo_id,pv_id) VALUES (91,21);
INSERT INTO molecule_property (mo_id,pv_id) VALUES (91,311);
INSERT INTO molecule (mo_id, mo_dci, mo_skeletal_formula, mo_ntr, mo_difficulty,mo_system,mo_class)           VALUES (92,'ERYTHROMYCINE','',0,'EASY',3,36);
INSERT INTO molecule_property (mo_id,pv_id) VALUES (92,17);
INSERT INTO molecule_property (mo_id,pv_id) VALUES (92,21);
INSERT INTO molecule_property (mo_id,pv_id) VALUES (92,311);
INSERT INTO molecule (mo_id, mo_dci, mo_skeletal_formula, mo_ntr, mo_difficulty,mo_system,mo_class)           VALUES (93,'JOSAMYCINE','',0,'EASY',3,36);
INSERT INTO molecule_property (mo_id,pv_id) VALUES (93,17);
INSERT INTO molecule_property (mo_id,pv_id) VALUES (93,311);
INSERT INTO molecule (mo_id, mo_dci, mo_skeletal_formula, mo_ntr, mo_difficulty,mo_system,mo_class)           VALUES (94,'ROXITHROMYCINE','',0,'EASY',3,36);
INSERT INTO molecule_property (mo_id,pv_id) VALUES (94,17);
INSERT INTO molecule_property (mo_id,pv_id) VALUES (94,311);
INSERT INTO molecule (mo_id, mo_dci, mo_skeletal_formula, mo_ntr, mo_difficulty,mo_system,mo_class)           VALUES (95,'SPIRAMYCINE','',0,'EASY',3,36);
INSERT INTO molecule_property (mo_id,pv_id) VALUES (95,17);
INSERT INTO molecule_property (mo_id,pv_id) VALUES (95,311);
INSERT INTO molecule (mo_id, mo_dci, mo_skeletal_formula, mo_ntr, mo_difficulty,mo_system,mo_class)           VALUES (96,'FIDAXOMICINE','',0,'EASY',3,36);
INSERT INTO molecule_property (mo_id,pv_id) VALUES (96,17);
INSERT INTO molecule_property (mo_id,pv_id) VALUES (96,311);
INSERT INTO molecule (mo_id, mo_dci, mo_skeletal_formula, mo_ntr, mo_difficulty,mo_system,mo_class)           VALUES (97,'PRISTINAMYCINE','',0,'EASY',3,36);
INSERT INTO molecule_property (mo_id,pv_id) VALUES (97,17);
INSERT INTO molecule_property (mo_id,pv_id) VALUES (97,311);
INSERT INTO molecule (mo_id, mo_dci, mo_skeletal_formula, mo_ntr, mo_difficulty,mo_system,mo_class)           VALUES (98,'DALBAVANCINE','',0,'EASY',3,37);
INSERT INTO molecule_property (mo_id,pv_id) VALUES (98,12);
INSERT INTO molecule_property (mo_id,pv_id) VALUES (98,16);
INSERT INTO molecule_property (mo_id,pv_id) VALUES (98,311);
INSERT INTO molecule (mo_id, mo_dci, mo_skeletal_formula, mo_ntr, mo_difficulty,mo_system,mo_class)           VALUES (99,'TEICOPLANINE','',0,'EASY',3,37);
INSERT INTO molecule_property (mo_id,pv_id) VALUES (99,12);
INSERT INTO molecule_property (mo_id,pv_id) VALUES (99,16);
INSERT INTO molecule_property (mo_id,pv_id) VALUES (99,311);
INSERT INTO molecule (mo_id, mo_dci, mo_skeletal_formula, mo_ntr, mo_difficulty,mo_system,mo_class)           VALUES (100,'VANCOMYCINE','',0,'EASY',3,37);
INSERT INTO molecule_property (mo_id,pv_id) VALUES (100,12);
INSERT INTO molecule_property (mo_id,pv_id) VALUES (100,16);
INSERT INTO molecule_property (mo_id,pv_id) VALUES (100,311);
INSERT INTO molecule (mo_id, mo_dci, mo_skeletal_formula, mo_ntr, mo_difficulty,mo_system,mo_class)           VALUES (101,'DAPTOMYCINE','',0,'EASY',3,38);
INSERT INTO molecule_property (mo_id,pv_id) VALUES (101,311);
INSERT INTO molecule (mo_id, mo_dci, mo_skeletal_formula, mo_ntr, mo_difficulty,mo_system,mo_class)           VALUES (102,'COLISTINE','',0,'EASY',3,38);
INSERT INTO molecule_property (mo_id,pv_id) VALUES (102,311);
INSERT INTO molecule (mo_id, mo_dci, mo_skeletal_formula, mo_ntr, mo_difficulty,mo_system,mo_class)           VALUES (103,'SULFADIAZINE','',0,'EASY',3,39);
INSERT INTO molecule_property (mo_id,pv_id) VALUES (103,311);
INSERT INTO molecule_property (mo_id,pv_id) VALUES (103,313);
INSERT INTO molecule (mo_id, mo_dci, mo_skeletal_formula, mo_ntr, mo_difficulty,mo_system,mo_class)           VALUES (104,'SULFADOXINE','',0,'EASY',3,39);
INSERT INTO molecule_property (mo_id,pv_id) VALUES (104,311);
INSERT INTO molecule (mo_id, mo_dci, mo_skeletal_formula, mo_ntr, mo_difficulty,mo_system,mo_class)           VALUES (105,'SULFAMETHIZOL','',0,'EASY',3,39);
INSERT INTO molecule_property (mo_id,pv_id) VALUES (105,311);
INSERT INTO molecule (mo_id, mo_dci, mo_skeletal_formula, mo_ntr, mo_difficulty,mo_system,mo_class)           VALUES (106,'SULFAMETHOXAZOLE','',0,'EASY',3,39);
INSERT INTO molecule_property (mo_id,pv_id) VALUES (106,311);
INSERT INTO molecule (mo_id, mo_dci, mo_skeletal_formula, mo_ntr, mo_difficulty,mo_system,mo_class)           VALUES (107,'CIPROFLOXACINE','',0,'EASY',3,40);
INSERT INTO molecule_property (mo_id,pv_id) VALUES (107,18);
INSERT INTO molecule_property (mo_id,pv_id) VALUES (107,17);
INSERT INTO molecule_property (mo_id,pv_id) VALUES (107,22);
INSERT INTO molecule_property (mo_id,pv_id) VALUES (107,311);
INSERT INTO molecule (mo_id, mo_dci, mo_skeletal_formula, mo_ntr, mo_difficulty,mo_system,mo_class)           VALUES (108,'ENOXACINE','',0,'EASY',3,40);
INSERT INTO molecule_property (mo_id,pv_id) VALUES (108,18);
INSERT INTO molecule_property (mo_id,pv_id) VALUES (108,17);
INSERT INTO molecule_property (mo_id,pv_id) VALUES (108,22);
INSERT INTO molecule_property (mo_id,pv_id) VALUES (108,311);
INSERT INTO molecule (mo_id, mo_dci, mo_skeletal_formula, mo_ntr, mo_difficulty,mo_system,mo_class)           VALUES (109,'LEVOFLOXACINE','',0,'EASY',3,40);
INSERT INTO molecule_property (mo_id,pv_id) VALUES (109,18);
INSERT INTO molecule_property (mo_id,pv_id) VALUES (109,17);
INSERT INTO molecule_property (mo_id,pv_id) VALUES (109,22);
INSERT INTO molecule_property (mo_id,pv_id) VALUES (109,311);
INSERT INTO molecule (mo_id, mo_dci, mo_skeletal_formula, mo_ntr, mo_difficulty,mo_system,mo_class)           VALUES (110,'LOMEFLOXACINE','',0,'EASY',3,40);
INSERT INTO molecule_property (mo_id,pv_id) VALUES (110,18);
INSERT INTO molecule_property (mo_id,pv_id) VALUES (110,17);
INSERT INTO molecule_property (mo_id,pv_id) VALUES (110,22);
INSERT INTO molecule_property (mo_id,pv_id) VALUES (110,311);
INSERT INTO molecule (mo_id, mo_dci, mo_skeletal_formula, mo_ntr, mo_difficulty,mo_system,mo_class)           VALUES (111,'MOXIFLOXACINE','',0,'EASY',3,40);
INSERT INTO molecule_property (mo_id,pv_id) VALUES (111,18);
INSERT INTO molecule_property (mo_id,pv_id) VALUES (111,17);
INSERT INTO molecule_property (mo_id,pv_id) VALUES (111,22);
INSERT INTO molecule_property (mo_id,pv_id) VALUES (111,311);
INSERT INTO molecule (mo_id, mo_dci, mo_skeletal_formula, mo_ntr, mo_difficulty,mo_system,mo_class)           VALUES (112,'NORFLOXACINE','',0,'EASY',3,40);
INSERT INTO molecule_property (mo_id,pv_id) VALUES (112,18);
INSERT INTO molecule_property (mo_id,pv_id) VALUES (112,17);
INSERT INTO molecule_property (mo_id,pv_id) VALUES (112,22);
INSERT INTO molecule_property (mo_id,pv_id) VALUES (112,311);
INSERT INTO molecule (mo_id, mo_dci, mo_skeletal_formula, mo_ntr, mo_difficulty,mo_system,mo_class)           VALUES (113,'OFLOXACINE','',0,'EASY',3,40);
INSERT INTO molecule_property (mo_id,pv_id) VALUES (113,18);
INSERT INTO molecule_property (mo_id,pv_id) VALUES (113,17);
INSERT INTO molecule_property (mo_id,pv_id) VALUES (113,22);
INSERT INTO molecule_property (mo_id,pv_id) VALUES (113,311);
INSERT INTO molecule (mo_id, mo_dci, mo_skeletal_formula, mo_ntr, mo_difficulty,mo_system,mo_class)           VALUES (114,'PEFLOXACINE','',0,'EASY',3,40);
INSERT INTO molecule_property (mo_id,pv_id) VALUES (114,18);
INSERT INTO molecule_property (mo_id,pv_id) VALUES (114,17);
INSERT INTO molecule_property (mo_id,pv_id) VALUES (114,22);
INSERT INTO molecule_property (mo_id,pv_id) VALUES (114,311);
INSERT INTO molecule (mo_id, mo_dci, mo_skeletal_formula, mo_ntr, mo_difficulty,mo_system,mo_class)           VALUES (115,'CLINDAMYCINE','',0,'EASY',3,41);
INSERT INTO molecule_property (mo_id,pv_id) VALUES (115,311);
INSERT INTO molecule (mo_id, mo_dci, mo_skeletal_formula, mo_ntr, mo_difficulty,mo_system,mo_class)           VALUES (116,'LINCOMYCINE','',0,'EASY',3,41);
INSERT INTO molecule_property (mo_id,pv_id) VALUES (116,311);
INSERT INTO molecule (mo_id, mo_dci, mo_skeletal_formula, mo_ntr, mo_difficulty,mo_system,mo_class)           VALUES (117,'TEDIZOLIDE','',0,'EASY',3,42);
INSERT INTO molecule_property (mo_id,pv_id) VALUES (117,311);
INSERT INTO molecule (mo_id, mo_dci, mo_skeletal_formula, mo_ntr, mo_difficulty,mo_system,mo_class)           VALUES (118,'LINEZOLIDE','',0,'EASY',3,42);
INSERT INTO molecule_property (mo_id,pv_id) VALUES (118,19);
INSERT INTO molecule_property (mo_id,pv_id) VALUES (118,110);
INSERT INTO molecule_property (mo_id,pv_id) VALUES (118,23);
INSERT INTO molecule_property (mo_id,pv_id) VALUES (118,311);
INSERT INTO molecule (mo_id, mo_dci, mo_skeletal_formula, mo_ntr, mo_difficulty,mo_system,mo_class)           VALUES (119,'THIAMPHENICOL','',0,'EASY',3,43);
INSERT INTO molecule_property (mo_id,pv_id) VALUES (119,311);
INSERT INTO molecule (mo_id, mo_dci, mo_skeletal_formula, mo_ntr, mo_difficulty,mo_system,mo_class)           VALUES (120,'FOSFOMYCINE','',0,'EASY',3,NULL);
INSERT INTO molecule_property (mo_id,pv_id) VALUES (120,311);
INSERT INTO molecule (mo_id, mo_dci, mo_skeletal_formula, mo_ntr, mo_difficulty,mo_system,mo_class)           VALUES (121,'ACIDE FUSIDIQUE','',0,'EASY',3,NULL);
INSERT INTO molecule_property (mo_id,pv_id) VALUES (121,311);
INSERT INTO molecule (mo_id, mo_dci, mo_skeletal_formula, mo_ntr, mo_difficulty,mo_system,mo_class)           VALUES (122,'ETHAMBUTOL','',0,'EASY',3,44);
INSERT INTO molecule_property (mo_id,pv_id) VALUES (122,314);
INSERT INTO molecule (mo_id, mo_dci, mo_skeletal_formula, mo_ntr, mo_difficulty,mo_system,mo_class)           VALUES (123,'ISONIAZIDE,','',0,'EASY',3,44);
INSERT INTO molecule_property (mo_id,pv_id) VALUES (123,314);
INSERT INTO molecule (mo_id, mo_dci, mo_skeletal_formula, mo_ntr, mo_difficulty,mo_system,mo_class)           VALUES (124,'RIFABUTINE','',0,'EASY',3,44);
INSERT INTO molecule_property (mo_id,pv_id) VALUES (124,314);
INSERT INTO molecule (mo_id, mo_dci, mo_skeletal_formula, mo_ntr, mo_difficulty,mo_system,mo_class)           VALUES (125,'RIFAMPICINE','',0,'EASY',3,44);
INSERT INTO molecule_property (mo_id,pv_id) VALUES (125,314);
INSERT INTO molecule (mo_id, mo_dci, mo_skeletal_formula, mo_ntr, mo_difficulty,mo_system,mo_class)           VALUES (126,'PYRAZINAMIDE','',0,'EASY',3,44);
INSERT INTO molecule_property (mo_id,pv_id) VALUES (126,314);
INSERT INTO molecule (mo_id, mo_dci, mo_skeletal_formula, mo_ntr, mo_difficulty,mo_system,mo_class)           VALUES (127,'NIFUROXAZIDE','',0,'EASY',3,45);
INSERT INTO molecule_property (mo_id,pv_id) VALUES (127,311);
INSERT INTO molecule (mo_id, mo_dci, mo_skeletal_formula, mo_ntr, mo_difficulty,mo_system,mo_class)           VALUES (128,'NITROFURANTOÏNE','',0,'EASY',3,45);
INSERT INTO molecule_property (mo_id,pv_id) VALUES (128,311);
INSERT INTO molecule (mo_id, mo_dci, mo_skeletal_formula, mo_ntr, mo_difficulty,mo_system,mo_class)           VALUES (129,'NICLOSAMIDE','',0,'EASY',4,46);
INSERT INTO molecule_property (mo_id,pv_id) VALUES (129,315);
INSERT INTO molecule (mo_id, mo_dci, mo_skeletal_formula, mo_ntr, mo_difficulty,mo_system,mo_class)           VALUES (130,'PRAZIQUANTEL','',0,'EASY',4,46);
INSERT INTO molecule_property (mo_id,pv_id) VALUES (130,315);
INSERT INTO molecule (mo_id, mo_dci, mo_skeletal_formula, mo_ntr, mo_difficulty,mo_system,mo_class)           VALUES (131,'ALBENDAZOLE','',0,'EASY',4,47);
INSERT INTO molecule_property (mo_id,pv_id) VALUES (131,315);
INSERT INTO molecule (mo_id, mo_dci, mo_skeletal_formula, mo_ntr, mo_difficulty,mo_system,mo_class)           VALUES (132,'FLUBENDAZOLE','',0,'EASY',4,47);
INSERT INTO molecule_property (mo_id,pv_id) VALUES (132,315);
INSERT INTO molecule (mo_id, mo_dci, mo_skeletal_formula, mo_ntr, mo_difficulty,mo_system,mo_class)           VALUES (133,'TRICLABENDAZOLE','',0,'EASY',4,47);
INSERT INTO molecule_property (mo_id,pv_id) VALUES (133,315);
INSERT INTO molecule (mo_id, mo_dci, mo_skeletal_formula, mo_ntr, mo_difficulty,mo_system,mo_class)           VALUES (134,'DIETHYLCARBAMAZINE','',0,'EASY',4,NULL);
INSERT INTO molecule_property (mo_id,pv_id) VALUES (134,315);
INSERT INTO molecule (mo_id, mo_dci, mo_skeletal_formula, mo_ntr, mo_difficulty,mo_system,mo_class)           VALUES (135,'IVERMECTINE','',0,'EASY',4,NULL);
INSERT INTO molecule_property (mo_id,pv_id) VALUES (135,315);
INSERT INTO molecule (mo_id, mo_dci, mo_skeletal_formula, mo_ntr, mo_difficulty,mo_system,mo_class)           VALUES (136,'PYRANTEL','',0,'EASY',4,NULL);
INSERT INTO molecule_property (mo_id,pv_id) VALUES (136,315);
INSERT INTO molecule (mo_id, mo_dci, mo_skeletal_formula, mo_ntr, mo_difficulty,mo_system,mo_class)           VALUES (137,'METRONIDAZOLE,','',0,'EASY',4,48);
INSERT INTO molecule_property (mo_id,pv_id) VALUES (137,316);
INSERT INTO molecule_property (mo_id,pv_id) VALUES (137,317);
INSERT INTO molecule (mo_id, mo_dci, mo_skeletal_formula, mo_ntr, mo_difficulty,mo_system,mo_class)           VALUES (138,'ORNIDAZOLE,','',0,'EASY',4,48);
INSERT INTO molecule_property (mo_id,pv_id) VALUES (138,316);
INSERT INTO molecule_property (mo_id,pv_id) VALUES (138,317);
INSERT INTO molecule (mo_id, mo_dci, mo_skeletal_formula, mo_ntr, mo_difficulty,mo_system,mo_class)           VALUES (139,'SECNIDAZOLE,','',0,'EASY',4,48);
INSERT INTO molecule_property (mo_id,pv_id) VALUES (139,316);
INSERT INTO molecule_property (mo_id,pv_id) VALUES (139,317);
INSERT INTO molecule (mo_id, mo_dci, mo_skeletal_formula, mo_ntr, mo_difficulty,mo_system,mo_class)           VALUES (140,'TINIDAZOLE','',0,'EASY',4,48);
INSERT INTO molecule_property (mo_id,pv_id) VALUES (140,316);
INSERT INTO molecule_property (mo_id,pv_id) VALUES (140,317);

